PLAYER_NAME,TEAM,GP,MP,BPM,OBPM,DBPM,VORP
DeMar DeRozan,CHI,79,2989,1.8,2.1,-0.3,2.8
Domantas Sabonis,SAC,82,2928,6.5,4.0,2.4,6.2
Coby White,CHI,79,2881,-0.7,0.7,-1.3,0.9
Mikal Bridges,BRK,82,2854,-0.4,0.7,-1.0,1.2
Paolo Banchero,ORL,80,2799,1.3,1.3,0.0,2.3
Kevin Durant,PHO,75,2791,4.0,4.0,0.1,4.3
Dejounte Murray,ATL,78,2783,1.7,2.3,-0.6,2.6
Anthony Edwards,MIN,79,2770,3.3,2.7,0.5,3.7
Nikola Jokić,DEN,79,2737,13.2,9.0,4.2,10.6
Jalen Brunson,NYK,77,2726,5.8,6.3,-0.4,5.4
Josh Hart,NYK,81,2707,0.0,-1.3,1.4,1.4
Anthony Davis,LAL,76,2700,5.1,3.5,1.7,4.9
Fred VanVleet,HOU,73,2684,3.4,2.6,0.8,3.6
De'Aaron Fox,SAC,74,2659,2.7,2.6,0.1,3.2
Pascal Siakam,2TM,80,2657,1.9,2.6,-0.7,2.7
Pascal Siakam,TOR,39,1354,1.4,2.2,-0.8,1.2
Pascal Siakam,IND,41,1303,2.5,3.0,-0.5,1.5
Jayson Tatum,BOS,74,2645,5.1,4.5,0.6,4.7
Austin Reaves,LAL,82,2629,0.4,0.9,-0.4,1.6
Tyrese Maxey,PHI,70,2626,3.1,4.1,-1.0,3.4
Luka Dončić,DAL,70,2624,9.9,8.3,1.7,8.0
Nikola Vučević,CHI,76,2610,0.1,0.8,-0.7,1.4
Jalen Green,HOU,82,2601,-0.5,0.4,-0.9,1.0
Rudy Gobert,MIN,76,2593,1.8,0.1,1.7,2.5
Keegan Murray,SAC,77,2588,-0.9,-0.4,-0.5,0.8
Miles Bridges,CHO,69,2581,-1.1,0.2,-1.3,0.6
Damian Lillard,MIL,73,2579,2.1,3.4,-1.3,2.7
Giannis Antetokounmpo,MIL,73,2567,9.0,6.7,2.4,7.2
Michael Porter Jr.,DEN,81,2565,0.1,1.2,-1.2,1.3
Shai Gilgeous-Alexander,OKC,75,2553,9.0,6.7,2.3,7.1
Grayson Allen,PHO,75,2513,1.3,1.1,0.1,2.0
LeBron James,LAL,71,2504,6.5,5.5,0.9,5.4
Paul George,LAC,74,2502,3.2,2.9,0.2,3.3
Dennis Schröder,2TM,80,2486,-1.8,-0.5,-1.3,0.1
Dennis Schröder,TOR,51,1559,-1.8,-0.5,-1.3,0.1
Dennis Schröder,BRK,29,927,-1.9,-0.5,-1.4,0.0
D'Angelo Russell,LAL,76,2484,0.9,1.7,-0.8,1.8
James Harden,LAC,72,2470,4.1,3.8,0.3,3.8
Devin Booker,PHO,68,2447,3.0,4.0,-1.0,3.1
Jarrett Allen,CLE,77,2442,3.0,2.1,0.9,3.1
Jabari Smith Jr.,HOU,76,2424,-0.4,-0.5,0.1,1.0
Stephen Curry,GSW,74,2421,5.2,6.3,-1.1,4.4
Bam Adebayo,MIA,71,2416,2.4,0.8,1.7,2.7
Chet Holmgren,OKC,82,2413,3.4,1.8,1.5,3.3
Brook Lopez,MIL,79,2411,1.0,0.2,0.8,1.8
Kentavious Caldwell-Pope,DEN,76,2402,-1.4,-2.1,0.7,0.4
Bogdan Bogdanović,ATL,79,2401,0.2,0.9,-0.7,1.4
Brandon Miller,CHO,74,2383,-2.6,-0.9,-1.6,-0.3
Harrison Barnes,SAC,82,2381,-1.8,-0.6,-1.2,0.1
Derrick White,BOS,73,2381,3.8,2.4,1.4,3.5
Tobias Harris,PHI,70,2368,0.9,1.0,-0.1,1.7
Donte DiVincenzo,NYK,81,2360,3.4,2.5,0.9,3.2
Jordan Poole,WAS,78,2346,-3.9,-2.0,-1.9,-1.2
Jaylen Brown,BOS,70,2343,0.7,0.9,-0.1,1.6
Malik Beasley,MIL,79,2337,-1.8,-1.0,-0.8,0.1
Franz Wagner,ORL,72,2337,1.2,0.9,0.3,1.9
Kawhi Leonard,LAC,68,2330,5.5,4.8,0.6,4.4
Herbert Jones,NOP,76,2321,0.6,-0.9,1.5,1.6
Aaron Gordon,DEN,73,2297,1.3,1.2,0.1,1.9
Klay Thompson,GSW,77,2284,-0.4,1.1,-1.5,0.9
Kyle Kuzma,WAS,70,2281,-1.1,0.5,-1.6,0.5
Jrue Holiday,BOS,69,2263,2.1,1.0,1.1,2.4
Deni Avdija,WAS,75,2257,-0.9,-0.7,-0.2,0.6
Devin Vassell,SAS,68,2248,0.0,0.9,-0.9,1.1
Luguentz Dort,OKC,79,2246,-1.6,-1.4,-0.2,0.2
Max Strus,CLE,70,2239,-0.6,-1.1,0.5,0.8
Dillon Brooks,HOU,72,2227,-3.6,-3.3,-0.3,-0.9
Tyrese Haliburton,IND,69,2224,6.9,7.3,-0.4,5.0
Jalen Williams,OKC,71,2223,2.3,2.0,0.3,2.4
P.J. Washington,2TM,73,2221,-2.1,-1.7,-0.4,-0.1
P.J. Washington,CHO,44,1286,-2.8,-1.7,-1.1,-0.3
P.J. Washington,DAL,29,935,-1.2,-1.8,0.7,0.2
Jaden Ivey,DET,77,2217,-3.1,-1.4,-1.7,-0.6
Ayo Dosunmu,CHI,76,2212,-0.8,-0.6,-0.2,0.7
Zion Williamson,NOP,70,2207,3.8,3.3,0.6,3.3
Mike Conley,MIN,76,2193,3.4,2.0,1.4,3.0
Jeremy Sochan,SAS,74,2193,-3.4,-2.8,-0.6,-0.8
Buddy Hield,2TM,84,2160,0.4,1.0,-0.6,1.3
Buddy Hield,IND,52,1336,0.2,1.0,-0.8,0.7
Buddy Hield,PHI,32,824,0.8,1.0,-0.3,0.6
CJ McCollum,NOP,66,2159,3.1,3.3,-0.3,2.8
Spencer Dinwiddie,2TM,76,2152,-1.9,-1.3,-0.6,0.1
Spencer Dinwiddie,BRK,48,1474,-1.3,-0.5,-0.8,0.3
Spencer Dinwiddie,LAL,28,678,-3.2,-3.2,-0.1,-0.2
Tre Jones,SAS,77,2138,-0.4,-0.4,0.1,0.9
Grant Williams,2TM,76,2130,-2.6,-1.9,-0.7,-0.3
Grant Williams,DAL,47,1242,-3.4,-2.7,-0.7,-0.4
Grant Williams,CHO,29,888,-1.5,-0.8,-0.7,0.1
Jaren Jackson Jr.,MEM,66,2124,0.4,0.0,0.4,1.3
Tim Hardaway Jr.,DAL,79,2120,-2.9,-0.8,-2.1,-0.5
Nic Claxton,BRK,71,2116,1.2,-0.3,1.5,1.7
Jaime Jaquez Jr.,MIA,75,2113,-1.9,-2.2,0.3,0.1
Taurean Prince,LAL,78,2108,-2.8,-2.6,-0.2,-0.4
Victor Wembanyama,SAS,71,2106,5.2,1.9,3.3,3.8
Jaden McDaniels,MIN,72,2105,-2.6,-3.3,0.7,-0.3
Brandon Ingram,NOP,64,2103,1.2,1.4,-0.3,1.7
Scottie Barnes,TOR,60,2094,3.7,2.9,0.8,3.0
Jusuf Nurkić,PHO,76,2078,1.1,-1.0,2.1,1.6
Myles Turner,IND,77,2076,0.9,1.0,-0.1,1.5
Collin Sexton,UTA,78,2075,1.9,3.8,-1.9,2.0
Cam Thomas,BRK,66,2075,-1.2,0.7,-1.9,0.4
Cade Cunningham,DET,62,2074,0.3,2.0,-1.6,1.2
Corey Kispert,WAS,80,2067,-2.1,-0.2,-2.0,-0.1
Saddiq Bey,ATL,63,2062,-1.8,0.1,-2.0,0.1
Kelly Oubre Jr.,PHI,68,2055,-2.3,-1.5,-0.7,-0.1
Alperen Şengün,HOU,63,2046,4.9,3.1,1.7,3.5
Jimmy Butler,MIA,60,2042,4.6,3.9,0.7,3.4
Alex Caruso,CHI,71,2040,2.5,0.2,2.3,2.3
Terry Rozier,2TM,61,2040,1.5,2.2,-0.7,1.8
Terry Rozier,CHO,30,1065,2.3,3.8,-1.5,1.1
Terry Rozier,MIA,31,975,0.7,0.4,0.3,0.7
Keldon Johnson,SAS,69,2038,-1.7,-0.3,-1.4,0.2
Kyrie Irving,DAL,58,2030,4.9,4.8,0.1,3.6
Karl-Anthony Towns,MIN,62,2026,2.5,1.6,0.9,2.3
Jalen Suggs,ORL,75,2025,1.0,-0.6,1.6,1.5
Keyonte George,UTA,75,2023,-4.4,-1.5,-2.9,-1.2
Josh Giddey,OKC,80,2011,1.5,1.0,0.4,1.8
Bobby Portis,MIL,82,2008,-0.8,0.0,-0.8,0.6
Aaron Nesmith,IND,72,1995,-0.5,-0.3,-0.2,0.8
Gary Trent Jr.,TOR,71,1994,-2.6,-1.2,-1.4,-0.3
Norman Powell,LAC,76,1990,-0.8,0.4,-1.2,0.6
Immanuel Quickley,2TM,68,1985,1.3,2.2,-0.9,1.7
Immanuel Quickley,NYK,30,720,2.5,2.7,-0.2,0.8
Immanuel Quickley,TOR,38,1265,0.6,1.9,-1.3,0.8
Brandin Podziemski,GSW,74,1968,-0.1,-0.5,0.4,0.9
Naz Reid,MIN,81,1964,1.5,0.4,1.1,1.7
Caris LeVert,CLE,68,1958,0.2,-0.6,0.8,1.1
Royce O'Neale,2TM,79,1954,0.0,-1.0,1.0,1.0
Royce O'Neale,BRK,49,1202,-0.7,-1.6,0.8,0.4
Royce O'Neale,PHO,30,752,1.3,-0.2,1.4,0.6
Jonathan Kuminga,GSW,74,1949,-0.4,0.0,-0.4,0.8
Donovan Mitchell,CLE,55,1942,5.8,4.6,1.2,3.9
Trae Young,ATL,54,1942,2.6,4.9,-2.3,2.2
Dorian Finney-Smith,BRK,68,1934,-2.0,-2.0,-0.1,0.0
Tyus Jones,WAS,66,1933,0.7,1.5,-0.9,1.3
Jonas Valančiūnas,NOP,82,1925,1.2,0.7,0.5,1.6
Nickeil Alexander-Walker,MIN,82,1921,0.2,-1.1,1.3,1.1
Andrew Wiggins,GSW,71,1920,-2.5,-1.4,-1.2,-0.3
Duncan Robinson,MIA,68,1905,-0.9,-0.5,-0.4,0.6
John Collins,UTA,68,1901,-0.9,0.5,-1.4,0.5
Darius Garland,CLE,57,1901,-1.0,0.2,-1.2,0.5
Isaiah Hartenstein,NYK,75,1896,3.5,0.7,2.8,2.6
Eric Gordon,PHO,68,1893,-1.7,-1.3,-0.5,0.1
Jalen Johnson,ATL,56,1889,1.2,0.4,0.8,1.5
Isaac Okoro,CLE,69,1887,-1.1,-1.8,0.7,0.4
Clint Capela,ATL,73,1883,0.1,1.0,-1.0,1.0
Terance Mann,LAC,75,1873,-1.5,-0.8,-0.7,0.2
Malik Monk,SAC,72,1872,0.6,1.5,-1.0,1.2
Bruce Brown,2TM,67,1866,-3.3,-2.4,-1.0,-0.6
Bruce Brown,IND,33,981,-2.3,-1.7,-0.5,-0.1
Bruce Brown,TOR,34,885,-4.5,-3.1,-1.4,-0.5
Jamal Murray,DEN,59,1861,4.1,4.5,-0.4,2.9
RJ Barrett,2TM,58,1838,-0.8,0.7,-1.5,0.6
RJ Barrett,NYK,26,766,-2.0,-0.3,-1.7,0.0
RJ Barrett,TOR,32,1072,0.1,1.5,-1.4,0.6
Georges Niang,CLE,82,1831,-2.9,-2.5,-0.4,-0.4
Jerami Grant,POR,54,1830,-0.1,1.0,-1.1,0.9
Rui Hachimura,LAL,68,1826,-0.9,0.0,-0.9,0.5
Payton Pritchard,BOS,82,1825,1.0,1.3,-0.2,1.4
Lauri Markkanen,UTA,55,1820,3.6,5.1,-1.5,2.6
Reggie Jackson,DEN,82,1817,-3.2,-1.8,-1.5,-0.6
Cole Anthony,ORL,81,1817,0.1,-0.6,0.7,1.0
Daniel Gafford,2TM,74,1815,2.6,0.7,1.9,2.1
Daniel Gafford,WAS,45,1192,0.9,-0.2,1.1,0.9
Daniel Gafford,DAL,29,623,5.9,2.5,3.4,1.3
Ivica Zubac,LAC,68,1794,0.8,0.8,0.0,1.3
Deandre Ayton,POR,55,1784,0.3,0.5,-0.2,1.0
Derrick Jones Jr.,DAL,76,1783,-1.5,-1.3,-0.3,0.2
Kyle Anderson,MIN,79,1782,1.1,-1.6,2.7,1.4
Jalen Duren,DET,61,1777,-0.1,-0.2,0.1,0.9
Bradley Beal,PHO,53,1767,0.4,0.9,-0.6,1.1
Scoot Henderson,POR,62,1765,-5.8,-3.5,-2.3,-1.7
Nick Richards,CHO,67,1759,-2.3,-1.6,-0.7,-0.1
Kelly Olynyk,2TM,78,1759,1.8,0.7,1.1,1.7
Kelly Olynyk,UTA,50,1019,2.6,1.3,1.3,1.2
Kelly Olynyk,TOR,28,740,0.7,0.0,0.7,0.5
Caleb Martin,MIA,64,1756,-2.0,-2.2,0.2,0.0
Sam Hauser,BOS,79,1741,1.2,1.2,0.0,1.4
Al Horford,BOS,65,1740,3.6,1.7,2.0,2.5
Toumani Camara,POR,70,1739,-3.1,-3.1,0.0,-0.5
Obi Toppin,IND,82,1730,1.5,1.8,-0.3,1.5
Bilal Coulibaly,WAS,63,1715,-4.2,-3.6,-0.5,-0.9
OG Anunoby,2TM,50,1702,-0.6,-1.0,0.5,0.6
OG Anunoby,TOR,27,900,-1.6,-0.8,-0.7,0.1
OG Anunoby,NYK,23,802,0.6,-1.3,1.8,0.5
Jabari Walker,POR,72,1700,-3.3,-2.4,-0.9,-0.6
Andrew Nembhard,IND,68,1697,-2.2,-1.6,-0.5,-0.1
Cason Wallace,OKC,82,1692,0.1,-0.9,1.0,0.9
Trey Murphy III,NOP,57,1690,2.5,2.5,0.0,1.9
Kristaps Porziņģis,BOS,57,1690,5.1,3.5,1.6,3.0
Kyle Lowry,2TM,60,1690,-1.0,-1.9,0.9,0.4
Kyle Lowry,MIA,37,1037,-0.8,-2.0,1.3,0.3
Kyle Lowry,PHI,23,653,-1.3,-1.7,0.4,0.1
Jordan Clarkson,UTA,55,1682,-4.5,-1.3,-3.2,-1.1
De'Andre Hunter,ATL,57,1681,-2.4,-0.9,-1.5,-0.2
Pat Connaughton,MIL,76,1676,-1.6,-1.6,0.0,0.2
Christian Braun,DEN,82,1655,-1.9,-1.7,-0.2,0.0
Simone Fontecchio,2TM,66,1644,-1.0,0.0,-1.0,0.4
Simone Fontecchio,UTA,50,1160,-1.6,-0.4,-1.2,0.1
Simone Fontecchio,DET,16,484,0.6,1.0,-0.4,0.3
Ochai Agbaji,2TM,78,1641,-4.4,-3.5,-0.9,-1.0
Ochai Agbaji,UTA,51,1003,-3.0,-2.5,-0.5,-0.3
Ochai Agbaji,TOR,27,638,-6.5,-5.0,-1.5,-0.7
Julius Randle,NYK,46,1630,1.9,2.2,-0.3,1.6
Precious Achiuwa,2TM,74,1624,-1.4,-1.7,0.3,0.2
Precious Achiuwa,TOR,25,437,-1.6,-1.4,-0.2,0.0
Precious Achiuwa,NYK,49,1187,-1.4,-1.9,0.5,0.2
Santi Aldama,MEM,61,1618,-0.2,-0.7,0.4,0.7
Cameron Johnson,BRK,58,1599,0.4,0.9,-0.5,1.0
Malaki Branham,SAS,75,1594,-5.6,-3.4,-2.2,-1.5
Paul Reed,PHI,82,1590,0.4,-0.6,1.0,0.9
Ausar Thompson,DET,63,1583,-2.2,-2.8,0.6,-0.1
Anfernee Simons,POR,46,1582,0.2,2.7,-2.5,0.8
Kevin Huerter,SAC,64,1562,-0.8,-0.5,-0.4,0.5
Bennedict Mathurin,IND,59,1538,-3.4,-1.2,-2.3,-0.6
Evan Mobley,CLE,50,1532,2.9,0.9,2.0,1.9
Chris Paul,GSW,58,1531,1.0,-0.2,1.2,1.2
Russell Westbrook,LAC,68,1529,0.5,-0.2,0.7,1.0
Nicolas Batum,2TM,60,1529,-0.4,-1.3,0.8,0.6
Nicolas Batum,LAC,3,54,2.8,-1.5,4.4,0.1
Nicolas Batum,PHI,57,1475,-0.5,-1.3,0.7,0.5
Zach Collins,SAS,69,1526,-2.0,-2.0,-0.1,0.0
Josh Green,DAL,57,1505,-2.7,-2.4,-0.3,-0.3
Walker Kessler,UTA,64,1493,0.9,-0.4,1.3,1.1
Draymond Green,GSW,55,1490,2.4,-0.6,3.0,1.6
Peyton Watson,DEN,80,1488,-2.2,-3.0,0.8,-0.1
Matisse Thybulle,POR,65,1487,0.6,-2.8,3.4,0.9
Khris Middleton,MIL,55,1487,1.1,1.1,0.0,1.2
Bojan Bogdanović,2TM,57,1478,-3.2,-0.7,-2.5,-0.4
Bojan Bogdanović,DET,28,921,-2.1,0.3,-2.5,0.0
Bojan Bogdanović,NYK,29,557,-4.9,-2.4,-2.5,-0.4
Julian Champagnie,SAS,74,1468,-1.9,-1.8,-0.1,0.0
Patrick Beverley,2TM,73,1462,-1.1,-1.5,0.5,0.3
Patrick Beverley,PHI,47,919,-1.5,-1.5,0.0,0.1
Patrick Beverley,MIL,26,543,-0.4,-1.6,1.2,0.2
Amir Coffey,LAC,70,1460,-2.2,-1.9,-0.3,-0.1
Isaiah Joe,OKC,78,1445,0.9,1.1,-0.3,1.0
Desmond Bane,MEM,42,1443,2.8,3.1,-0.3,1.7
Vince Williams Jr.,MEM,52,1436,-0.7,-1.7,1.0,0.5
Isaiah Stewart,DET,46,1423,-2.3,-1.6,-0.7,-0.1
Moritz Wagner,ORL,80,1415,2.0,1.7,0.3,1.4
Tyler Herro,MIA,42,1407,0.8,1.5,-0.7,1.0
Wendell Carter Jr.,ORL,55,1406,0.9,0.5,0.4,1.0
Onyeka Okongwu,ATL,55,1405,-0.4,0.0,-0.5,0.5
Amen Thompson,HOU,62,1388,1.8,-0.1,1.9,1.3
Haywood Highsmith,MIA,66,1366,-0.7,-1.8,1.1,0.5
Dyson Daniels,NOP,61,1358,0.6,-1.9,2.5,0.9
Andre Drummond,CHI,79,1351,0.1,0.8,-0.7,0.7
Marcus Sasser,DET,71,1351,-2.6,-1.5,-1.1,-0.2
Kris Murray,POR,62,1348,-3.6,-3.5,-0.2,-0.6
Miles McBride,NYK,68,1328,-0.1,-0.4,0.4,0.6
Jakob Poeltl,TOR,50,1319,0.7,-0.3,1.0,0.9
Joel Embiid,PHI,39,1309,11.6,8.5,3.1,4.5
Jeff Green,HOU,78,1307,-2.1,-1.6,-0.4,0.0
Cameron Payne,2TM,78,1304,-1.1,-0.5,-0.6,0.3
Cameron Payne,MIL,47,702,-1.5,-1.0,-0.5,0.1
Cameron Payne,PHI,31,602,-0.7,0.0,-0.8,0.2
Gary Harris,ORL,54,1297,-1.2,-2.3,1.1,0.3
Dereck Lively II,DAL,55,1294,0.5,-0.3,0.8,0.8
T.J. McConnell,IND,71,1291,3.0,2.9,0.1,1.6
Aaron Holiday,HOU,78,1269,-1.5,-1.8,0.3,0.2
Cedi Osman,SAS,72,1269,-2.1,-1.7,-0.3,0.0
Gradey Dick,TOR,60,1268,-5.4,-3.2,-2.2,-1.1
Naji Marshall,NOP,66,1257,-0.7,-1.3,0.5,0.4
Kris Dunn,UTA,66,1249,-0.1,-1.5,1.4,0.6
Gordon Hayward,2TM,51,1245,-2.1,-1.6,-0.5,0.0
Gordon Hayward,CHO,25,798,-1.8,-1.2,-0.6,0.0
Gordon Hayward,OKC,26,447,-2.6,-2.4,-0.2,-0.1
GG Jackson II,MEM,48,1233,-2.0,-0.2,-1.8,0.0
Aaron Wiggins,OKC,78,1228,0.7,0.4,0.4,0.8
Larry Nance Jr.,NOP,61,1216,2.0,-0.2,2.2,1.2
Duop Reath,POR,68,1214,-0.9,-0.2,-0.7,0.3
Alec Burks,2TM,66,1212,-2.3,-0.3,-2.0,-0.1
Alec Burks,DET,43,901,-0.4,1.3,-1.7,0.4
Alec Burks,NYK,23,311,-7.8,-4.9,-3.0,-0.5
Kevon Looney,GSW,74,1195,0.6,-0.8,1.4,0.8
David Roddy,2TM,65,1177,-5.0,-4.0,-1.0,-0.9
David Roddy,MEM,48,1114,-5.0,-3.9,-1.0,-0.8
David Roddy,PHO,17,63,-5.8,-4.8,-1.0,-0.1
Vasilije Micić,2TM,60,1176,-4.6,-2.5,-2.2,-0.8
Vasilije Micić,OKC,30,361,-5.3,-3.9,-1.4,-0.3
Vasilije Micić,CHO,30,815,-4.4,-1.9,-2.5,-0.5
Patrick Williams,CHI,43,1174,-2.3,-2.1,-0.1,-0.1
John Konchar,MEM,55,1173,-0.4,-2.6,2.2,0.5
Drew Eubanks,PHO,75,1169,-1.2,-2.0,0.8,0.2
Joe Ingles,ORL,68,1169,-0.5,-1.7,1.2,0.5
Anthony Black,ORL,69,1164,-3.0,-3.8,0.8,-0.3
Jordan Hawkins,NOP,67,1160,-3.1,-1.3,-1.7,-0.3
Trey Lyles,SAC,58,1158,-1.1,-0.4,-0.7,0.3
Moses Moody,GSW,66,1156,-0.1,-0.2,0.1,0.6
Jae Crowder,MIL,50,1156,-2.6,-2.6,0.0,-0.2
Trayce Jackson-Davis,GSW,68,1130,2.8,1.5,1.2,1.4
Malcolm Brogdon,POR,39,1121,2.0,2.7,-0.7,1.1
Dean Wade,CLE,54,1108,0.1,-1.7,1.8,0.6
Josh Richardson,MIA,43,1103,-1.3,-1.3,0.0,0.2
Davion Mitchell,SAC,72,1101,-3.4,-2.4,-1.0,-0.4
Dario Šarić,GSW,64,1098,1.0,0.6,0.4,0.9
James Wiseman,DET,63,1091,-3.5,-2.6,-0.9,-0.4
Danté Exum,DAL,55,1088,-0.6,-0.3,-0.3,0.4
Sam Merrill,CLE,61,1069,0.5,1.3,-0.8,0.7
Dennis Smith Jr.,BRK,56,1059,-0.8,-2.6,1.8,0.3
Shaedon Sharpe,POR,32,1059,-2.8,-1.9,-0.9,-0.2
Jordan Goodwin,2TM,57,1055,-1.0,-1.5,0.5,0.3
Jordan Goodwin,PHO,40,558,-0.9,-1.3,0.4,0.2
Jordan Goodwin,MEM,17,497,-1.2,-1.8,0.6,0.1
Marvin Bagley III,2TM,50,1053,-0.4,1.0,-1.4,0.4
Marvin Bagley III,DET,26,478,-1.2,0.4,-1.6,0.1
Marvin Bagley III,WAS,24,575,0.3,1.5,-1.2,0.3
Torrey Craig,CHI,53,1049,-2.0,-1.8,-0.2,0.0
Jalen Smith,IND,61,1047,2.4,3.2,-0.8,1.2
Dalano Banton,2TM,54,1047,-1.3,-0.7,-0.6,0.2
Dalano Banton,BOS,24,171,-4.1,-4.7,0.6,-0.1
Dalano Banton,POR,30,876,-0.8,0.1,-0.9,0.3
Ziaire Williams,MEM,51,1038,-4.5,-4.0,-0.4,-0.6
Jae'Sean Tate,HOU,65,1031,-2.3,-3.7,1.5,-0.1
Kenrich Williams,OKC,69,1029,-0.8,-1.1,0.3,0.3
Jose Alvarado,NOP,56,1028,-0.1,-1.5,1.5,0.5
Quentin Grimes,2TM,51,1025,-2.2,-2.6,0.4,-0.1
Quentin Grimes,NYK,45,910,-1.5,-1.9,0.4,0.1
Quentin Grimes,DET,6,115,-8.1,-7.8,-0.4,-0.2
De'Anthony Melton,PHI,38,1023,0.5,-0.7,1.2,0.7
Daniel Theis,2TM,60,1015,-1.6,-1.7,0.1,0.1
Daniel Theis,IND,1,8,-20.5,-13.2,-7.3,0.0
Daniel Theis,LAC,59,1007,-1.5,-1.6,0.1,0.1
Lonnie Walker IV,BRK,58,1011,-1.4,-0.4,-1.0,0.2
Talen Horton-Tucker,UTA,51,1009,-1.2,-0.9,-0.4,0.2
Killian Hayes,DET,42,1008,-2.7,-2.9,0.2,-0.2
Jevon Carter,CHI,72,1004,-4.0,-3.3,-0.7,-0.5
Luke Kennard,MEM,39,999,-0.3,0.6,-0.9,0.4
Garrison Mathews,ATL,66,992,-3.0,-2.1,-0.9,-0.2
Jaden Hardy,DAL,73,989,-4.1,-2.0,-2.1,-0.5
Tre Mann,2TM,41,987,-1.3,-1.7,0.4,0.2
Tre Mann,OKC,13,119,0.1,0.4,-0.2,0.1
Tre Mann,CHO,28,868,-1.5,-2.0,0.5,0.1
Cam Reddish,LAL,48,984,-3.2,-4.0,0.8,-0.3
Luke Kornet,BOS,63,983,3.4,1.6,1.8,1.3
Keon Ellis,SAC,57,978,1.2,-0.9,2.1,0.8
Xavier Tillman Sr.,2TM,54,974,-1.2,-3.1,1.9,0.2
Xavier Tillman Sr.,MEM,34,700,-1.7,-3.8,2.1,0.1
Xavier Tillman Sr.,BOS,20,274,0.0,-1.3,1.3,0.1
Josh Okogie,PHO,60,960,-0.5,-1.3,0.8,0.4
Goga Bitadze,ORL,62,957,2.1,-0.7,2.8,1.0
Max Christie,LAL,67,944,-3.6,-3.2,-0.4,-0.4
Kevin Love,MIA,55,924,3.6,2.7,1.0,1.3
Day'Ron Sharpe,BRK,61,921,0.0,-0.4,0.4,0.5
Jonathan Isaac,ORL,58,914,3.8,1.4,2.4,1.4
Markelle Fultz,ORL,43,910,-1.4,-2.6,1.2,0.1
Doug McDermott,2TM,64,904,-3.4,-1.5,-1.9,-0.3
Doug McDermott,SAS,46,700,-2.9,-1.0,-1.8,-0.2
Doug McDermott,IND,18,204,-5.1,-3.0,-2.2,-0.2
Jaylin Williams,OKC,69,897,1.1,-0.8,1.9,0.7
Nikola Jović,MIA,46,896,0.3,-0.9,1.3,0.5
Bryce McGowens,CHO,59,882,-4.9,-3.7,-1.1,-0.6
Cam Whitmore,HOU,47,880,0.1,1.0,-0.9,0.5
Jaxson Hayes,LAL,70,877,-1.9,-2.8,0.9,0.0
Blake Wesley,SAS,61,876,-4.0,-4.0,0.1,-0.4
Malachi Flynn,3TM,69,876,-2.2,-2.0,-0.2,0.0
Malachi Flynn,TOR,31,474,-2.7,-2.8,0.0,-0.1
Malachi Flynn,NYK,14,60,-2.6,-1.7,-0.9,0.0
Malachi Flynn,DET,24,342,-1.3,-1.0,-0.3,0.1
Christian Wood,LAL,50,872,-2.8,-2.6,-0.2,-0.2
Zach LaVine,CHI,25,872,0.1,0.8,-0.7,0.5
Maxi Kleber,DAL,43,871,-1.3,-2.3,1.0,0.2
Justin Holiday,DEN,58,862,-1.6,-2.5,0.9,0.1
Chimezie Metu,2TM,51,859,-1.3,-2.1,0.8,0.2
Chimezie Metu,PHO,37,448,-1.3,-1.6,0.3,0.1
Chimezie Metu,DET,14,411,-1.3,-2.7,1.4,0.1
Trendon Watford,BRK,63,856,-0.5,-0.9,0.4,0.3
Taylor Hendricks,UTA,40,856,-1.6,-1.3,-0.4,0.1
Dwight Powell,DAL,63,836,-0.3,-1.1,0.8,0.4
Troy Brown Jr.,2TM,59,827,-2.6,-2.8,0.2,-0.1
Troy Brown Jr.,MIN,37,410,0.4,-0.2,0.5,0.2
Troy Brown Jr.,DET,22,417,-5.5,-5.3,-0.2,-0.4
Marcus Morris,2TM,49,817,-3.8,-2.5,-1.3,-0.4
Marcus Morris,PHI,37,637,-3.4,-2.3,-1.1,-0.2
Marcus Morris,CLE,12,180,-5.1,-3.2,-1.9,-0.1
Caleb Houstan,ORL,59,815,-1.9,-1.4,-0.5,0.0
Ben Sheppard,IND,57,814,-3.4,-3.3,-0.1,-0.3
Jake LaRavia,MEM,35,806,-2.5,-1.4,-1.0,-0.1
Bismack Biyombo,2TM,40,791,-3.4,-4.8,1.4,-0.3
Bismack Biyombo,MEM,30,718,-3.2,-4.8,1.6,-0.2
Bismack Biyombo,OKC,10,73,-5.2,-5.4,0.2,-0.1
JT Thor,CHO,63,781,-4.5,-3.5,-1.1,-0.5
Isaiah Jackson,IND,59,771,1.7,0.3,1.4,0.7
Mitchell Robinson,NYK,31,768,0.0,-0.3,0.4,0.4
Jock Landale,HOU,56,763,-0.1,-0.5,0.4,0.4
Cody Martin,CHO,28,753,-3.5,-4.1,0.6,-0.3
KJ Martin,2TM,60,746,-4.1,-4.0,-0.1,-0.4
KJ Martin,LAC,2,31,-6.1,-6.8,0.7,0.0
KJ Martin,PHI,58,715,-4.0,-3.9,-0.1,-0.4
Delon Wright,2TM,47,742,0.4,-2.0,2.5,0.5
Delon Wright,WAS,33,456,0.5,-1.8,2.3,0.3
Delon Wright,MIA,14,286,0.3,-2.4,2.8,0.2
Ish Smith,CHO,43,741,-6.8,-5.6,-1.2,-0.9
Mo Bamba,PHI,57,740,-1.0,-2.3,1.4,0.2
Nick Smith Jr.,CHO,51,729,-5.9,-3.1,-2.8,-0.7
Landry Shamet,WAS,46,726,-4.0,-2.7,-1.3,-0.4
Chris Duarte,SAC,59,719,-3.4,-3.5,0.1,-0.2
Jordan Nwora,2TM,52,712,-2.5,-1.1,-1.5,-0.1
Jordan Nwora,IND,18,183,-4.0,-1.8,-2.2,-0.1
Jordan Nwora,TOR,34,529,-2.0,-0.8,-1.2,0.0
LaMelo Ball,CHO,22,711,3.3,3.8,-0.5,1.0
Chris Boucher,TOR,50,705,-1.7,-0.3,-1.4,0.1
Jacob Gilyard,2TM,41,699,-1.4,-2.0,0.6,0.1
Jacob Gilyard,MEM,37,654,-1.3,-1.5,0.2,0.1
Jacob Gilyard,BRK,4,45,-2.2,-8.7,6.5,0.0
Bruno Fernando,ATL,45,682,-2.3,-3.1,0.9,-0.1
Dalen Terry,CHI,59,681,-2.3,-3.4,1.1,0.0
Gary Payton II,GSW,44,680,0.9,-1.3,2.2,0.5
Mason Plumlee,LAC,46,674,-0.8,-1.1,0.4,0.2
Dāvis Bertāns,2TM,43,674,-1.4,-0.8,-0.6,0.1
Dāvis Bertāns,OKC,15,91,4.0,3.2,0.8,0.1
Dāvis Bertāns,CHO,28,583,-2.3,-1.4,-0.8,0.0
Keita Bates-Diop,2TM,53,665,-1.0,-1.5,0.4,0.2
Keita Bates-Diop,PHO,39,597,-1.2,-1.5,0.3,0.1
Keita Bates-Diop,BRK,14,68,0.2,-1.3,1.5,0.0
Jalen Wilson,BRK,43,664,-2.9,-1.8,-1.1,-0.2
Craig Porter Jr.,CLE,51,649,0.5,-0.6,1.1,0.4
Rayan Rupert,POR,39,633,-6.7,-5.6,-1.2,-0.8
Oshae Brissett,BOS,55,630,-1.8,-2.0,0.2,0.0
Danilo Gallinari,3TM,49,630,-1.9,-0.8,-1.0,0.0
Danilo Gallinari,WAS,26,385,-2.6,-0.8,-1.8,-0.1
Danilo Gallinari,DET,6,90,6.9,5.9,1.0,0.2
Danilo Gallinari,MIL,17,155,-5.2,-5.0,-0.2,-0.1
Jordan McLaughlin,MIN,56,626,4.2,1.4,2.9,1.0
Seth Curry,2TM,44,616,-3.3,-2.6,-0.6,-0.2
Seth Curry,DAL,36,457,-4.0,-3.2,-0.9,-0.2
Seth Curry,CHO,8,159,-1.1,-1.1,0.0,0.0
A.J. Green,MIL,56,614,-2.1,-0.4,-1.7,0.0
Johnny Davis,WAS,50,613,-6.6,-5.5,-1.1,-0.7
MarJon Beauchamp,MIL,48,608,-3.2,-2.3,-0.9,-0.2
Marcus Smart,MEM,20,605,-2.4,-3.3,0.9,0.0
Mike Muscala,3TM,53,600,-5.3,-3.9,-1.4,-0.5
Mike Muscala,WAS,24,338,-6.2,-4.4,-1.8,-0.4
Mike Muscala,DET,13,171,-2.2,-1.7,-0.6,0.0
Mike Muscala,OKC,16,91,-8.0,-6.4,-1.6,-0.1
Jericho Sims,NYK,45,585,-1.8,-2.4,0.7,0.0
Brice Sensabaugh,UTA,32,584,-5.5,-3.3,-2.1,-0.5
Jarred Vanderbilt,LAL,29,581,-1.6,-2.9,1.3,0.0
Shake Milton,3TM,48,581,-3.7,-4.3,0.6,-0.3
Shake Milton,MIN,38,491,-4.2,-4.8,0.6,-0.3
Shake Milton,DET,4,63,0.3,0.2,0.1,0.0
Shake Milton,NYK,6,27,-3.5,-5.7,2.2,0.0
Evan Fournier,2TM,32,580,-4.3,-4.7,0.3,-0.3
Evan Fournier,NYK,3,39,-11.3,-11.8,0.4,-0.1
Evan Fournier,DET,29,541,-3.8,-4.2,0.3,-0.3
Zeke Nnaji,DEN,58,576,-3.7,-3.8,0.1,-0.2
Trey Jemison,2TM,25,573,-5.1,-4.7,-0.4,-0.5
Trey Jemison,WAS,2,1,-33.9,-30.3,-3.6,0.0
Trey Jemison,MEM,23,572,-5.1,-4.7,-0.4,-0.4
Andre Jackson Jr.,MIL,57,572,-3.6,-3.6,0.0,-0.2
Jared Butler,WAS,40,566,-2.1,-1.5,-0.5,0.0
Kevin Knox,DET,31,560,-4.6,-2.8,-1.8,-0.4
Lamar Stevens,2TM,38,559,-2.2,-2.2,-0.1,0.0
Lamar Stevens,BOS,19,122,-2.0,-2.9,0.9,0.0
Lamar Stevens,MEM,19,437,-2.3,-2.0,-0.3,0.0
Richaun Holmes,2TM,40,555,-3.3,-2.4,-0.8,-0.2
Richaun Holmes,DAL,23,237,-3.0,-2.4,-0.6,-0.1
Richaun Holmes,WAS,17,318,-3.4,-2.4,-1.0,-0.1
Tristan Thompson,CLE,49,549,-1.4,-2.1,0.6,0.1
Julian Strawther,DEN,50,545,-6.0,-4.6,-1.4,-0.6
Omer Yurtseven,UTA,48,545,-3.0,-1.6,-1.5,-0.1
Vít Krejčí,ATL,22,541,-3.7,-3.3,-0.4,-0.2
Bones Hyland,LAC,37,540,-3.6,-2.8,-0.8,-0.2
Jalen McDaniels,TOR,50,538,-9.0,-7.2,-1.8,-1.0
Scotty Pippen Jr.,MEM,21,527,1.3,-0.1,1.4,0.4
Sasha Vezenkov,SAC,42,511,-0.9,-0.2,-0.7,0.1
Danuel House Jr.,PHI,34,509,-4.0,-3.4,-0.5,-0.3
Mark Williams,CHO,19,508,0.8,1.6,-0.8,0.3
Jaden Springer,2TM,49,507,-3.4,-4.9,1.5,-0.2
Jaden Springer,PHI,32,377,-3.4,-4.5,1.0,-0.1
Jaden Springer,BOS,17,130,-3.2,-6.0,2.8,0.0
Patrick Baldwin Jr.,WAS,38,493,-4.6,-4.0,-0.6,-0.3
Robert Covington,2TM,29,488,2.2,-1.1,3.2,0.5
Robert Covington,LAC,3,69,2.3,-2.3,4.5,0.1
Robert Covington,PHI,26,419,2.2,-0.9,3.0,0.4
P.J. Tucker,2TM,31,486,-3.6,-4.0,0.4,-0.2
P.J. Tucker,PHI,3,66,-4.0,-5.2,1.2,0.0
P.J. Tucker,LAC,28,420,-3.5,-3.9,0.3,-0.2
Tari Eason,HOU,22,480,1.6,-0.4,2.0,0.4
Monte Morris,2TM,33,476,0.7,-0.8,1.5,0.3
Monte Morris,DET,6,68,-6.9,-4.7,-2.2,-0.1
Monte Morris,MIN,27,408,2.0,-0.2,2.2,0.4
Bol Bol,PHO,43,469,2.1,1.4,0.8,0.5
Isaiah Livers,DET,23,469,-6.5,-5.0,-1.5,-0.5
Anthony Gill,WAS,50,466,-4.1,-2.6,-1.5,-0.3
Yuta Watanabe,2TM,34,464,-6.4,-5.3,-1.1,-0.5
Yuta Watanabe,PHO,29,382,-6.0,-4.6,-1.4,-0.4
Yuta Watanabe,MEM,5,82,-8.6,-8.5,0.0,-0.1
Nassir Little,PHO,45,458,-3.0,-2.4,-0.6,-0.1
Sandro Mamukelashvili,SAS,46,451,-0.5,-0.1,-0.4,0.2
Alex Len,SAC,48,444,0.2,-2.7,2.9,0.2
Thomas Bryant,MIA,38,441,-0.4,-0.6,0.2,0.2
Thaddeus Young,2TM,33,439,0.3,-0.5,0.8,0.2
Thaddeus Young,TOR,23,350,0.6,-0.2,0.9,0.2
Thaddeus Young,PHO,10,89,-0.9,-1.5,0.6,0.0
Skylar Mays,2TM,38,433,-2.0,-2.1,0.1,0.0
Skylar Mays,POR,21,356,-2.3,-1.8,-0.5,0.0
Skylar Mays,LAL,17,77,-0.6,-3.5,2.9,0.0
Chuma Okeke,ORL,47,432,-3.4,-3.2,-0.2,-0.2
Dominick Barlow,SAS,33,420,-1.7,-1.7,0.0,0.0
Reggie Bullock,HOU,44,417,-2.4,-2.9,0.5,0.0
Patty Mills,2TM,32,415,-4.6,-5.0,0.4,-0.3
Patty Mills,ATL,19,202,-3.8,-4.1,0.4,-0.1
Patty Mills,MIA,13,213,-5.3,-5.8,0.5,-0.2
Trent Forrest,ATL,38,414,-4.4,-3.8,-0.7,-0.3
Svi Mykhailiuk,BOS,41,413,-1.8,-0.9,-0.9,0.0
Wesley Matthews,ATL,36,413,-2.8,-3.1,0.3,-0.1
Aleksej Pokusevski,2TM,28,405,-1.9,-1.8,-0.1,0.0
Aleksej Pokusevski,OKC,10,60,-9.9,-7.7,-2.2,-0.1
Aleksej Pokusevski,CHO,18,345,-0.5,-0.8,0.3,0.1
Luka Šamanić,UTA,43,404,-7.8,-4.9,-2.9,-0.6
Javon Freeman-Liberty,TOR,22,403,-5.2,-3.1,-2.0,-0.3
Derrick Rose,MEM,24,399,-2.8,-1.3,-1.5,-0.1
DeAndre Jordan,DEN,36,396,-1.7,-1.7,-0.1,0.0
Kobe Brown,LAC,44,394,-3.8,-4.0,0.2,-0.2
Lester Quiñones,GSW,37,394,-3.3,-2.0,-1.3,-0.1
Eugene Omoruyi,WAS,43,393,-2.3,-1.9,-0.4,0.0
Matt Ryan,NOP,28,390,-2.7,-1.4,-1.3,-0.1
Justin Minaya,POR,34,381,-5.6,-5.1,-0.5,-0.3
Johnny Juzang,UTA,20,372,-3.7,-1.5,-2.2,-0.2
Noah Clowney,BRK,23,370,-0.7,-0.8,0.1,0.1
Tosan Evbuomwan,2TM,17,367,-3.0,-2.4,-0.7,-0.1
Tosan Evbuomwan,MEM,4,74,-6.4,-4.2,-2.2,-0.1
Tosan Evbuomwan,DET,13,293,-2.2,-1.9,-0.3,0.0
Ousmane Dieng,OKC,33,365,-3.0,-2.3,-0.7,-0.1
Jontay Porter,TOR,26,360,1.7,-0.3,1.9,0.3
Ben Simmons,BRK,15,359,2.4,-0.5,2.9,0.4
Brandon Boston Jr.,LAC,32,345,-9.0,-6.2,-2.7,-0.6
Jarace Walker,IND,33,340,0.2,-0.5,0.7,0.2
JaVale McGee,SAC,46,339,-1.3,-1.9,0.6,0.1
Olivier-Maxence Prosper,DAL,40,336,-2.9,-1.7,-1.3,-0.1
Jeremiah Robinson-Earl,NOP,39,334,-2.2,-1.9,-0.3,0.0
Neemias Queta,BOS,28,333,1.5,0.4,1.1,0.3
Julian Phillips,CHI,40,323,-5.3,-4.7,-0.6,-0.3
Cody Zeller,NOP,43,320,-2.6,-2.9,0.3,0.0
Ja Morant,MEM,9,318,3.1,2.7,0.4,0.4
Ashton Hagans,POR,19,316,-3.5,-4.4,0.9,-0.1
Devonte' Graham,SAS,23,313,-3.9,-3.0,-0.9,-0.1
A.J. Lawson,DAL,42,311,-4.6,-3.1,-1.5,-0.2
Nathan Mensah,CHO,25,307,-8.8,-8.7,-0.1,-0.5
Stanley Umude,DET,24,307,-1.6,-1.5,-0.1,0.0
Orlando Robinson,MIA,36,304,-1.1,-1.9,0.8,0.1
Furkan Korkmaz,PHI,35,300,-2.7,-3.2,0.4,-0.1
Cory Joseph,GSW,26,296,-4.7,-4.0,-0.7,-0.2
Ricky Council IV,PHI,32,289,1.3,2.1,-0.8,0.2
Garrett Temple,TOR,27,289,-4.7,-3.4,-1.2,-0.2
Leaky Black,CHO,26,284,-2.4,-2.6,0.3,0.0
Lindy Waters III,OKC,38,280,1.9,2.4,-0.5,0.3
Kessler Edwards,SAC,54,275,-1.5,-1.6,0.1,0.0
Damian Jones,CLE,39,270,-0.5,-1.7,1.2,0.1
Onuralp Bitim,CHI,23,268,-7.4,-5.4,-2.0,-0.4
Kira Lewis Jr.,3TM,28,265,-5.8,-4.4,-1.4,-0.3
Kira Lewis Jr.,NOP,15,144,-7.5,-6.4,-1.1,-0.2
Kira Lewis Jr.,TOR,1,2,-22.3,-22.1,-0.2,0.0
Kira Lewis Jr.,UTA,12,119,-3.5,-1.6,-1.9,0.0
Jamal Cain,MIA,26,259,-2.3,-2.5,0.2,0.0
Jared Rhoden,DET,17,245,-2.5,-2.9,0.4,0.0
Justin Champagnie,WAS,15,235,-1.8,-1.1,-0.8,0.0
Javonte Green,CHI,9,230,2.0,1.9,0.1,0.2
Ibou Badji,POR,22,226,-5.8,-7.7,1.9,-0.2
Collin Gillespie,DEN,24,225,-2.7,-3.7,0.9,0.0
Gabe Vincent,LAL,11,218,-6.5,-6.9,0.4,-0.2
Markieff Morris,DAL,26,216,-5.3,-4.0,-1.3,-0.2
Jaylen Nowell,2TM,13,214,-5.4,-4.1,-1.4,-0.2
Jaylen Nowell,MEM,9,156,-7.4,-5.9,-1.6,-0.2
Jaylen Nowell,DET,4,58,-0.1,0.7,-0.8,0.0
Théo Maledon,2TM,17,213,-10.3,-8.3,-2.1,-0.5
Théo Maledon,CHO,13,200,-9.5,-7.7,-1.8,-0.4
Théo Maledon,PHO,4,13,-23.7,-17.6,-6.1,-0.1
Charles Bassey,SAS,19,205,1.3,-1.8,3.1,0.2
Taj Gibson,2TM,20,204,-5.3,-5.3,0.1,-0.2
Taj Gibson,NYK,16,165,-6.9,-6.9,0.0,-0.2
Taj Gibson,DET,4,39,1.7,1.2,0.4,0.0
Moses Brown,POR,22,200,-6.5,-4.1,-2.4,-0.2
Kenneth Lofton Jr.,3TM,21,199,-0.3,-0.6,0.3,0.1
Kenneth Lofton Jr.,MEM,15,99,-4.5,-5.4,0.9,-0.1
Kenneth Lofton Jr.,PHI,2,9,-32.6,-23.4,-9.2,-0.1
Kenneth Lofton Jr.,UTA,4,91,7.5,6.9,0.6,0.2
Kobe Bufkin,ATL,17,196,-4.5,-4.3,-0.2,-0.1
Colby Jones,SAC,30,192,-5.0,-5.4,0.4,-0.1
Gui Santos,GSW,23,192,-0.5,0.0,-0.5,0.1
Terry Taylor,CHI,31,188,-3.2,-3.1,-0.1,0.0
Micah Potter,UTA,16,186,-2.3,-1.4,-0.9,0.0
Saben Lee,PHO,24,185,-1.4,-2.0,0.6,0.0
Otto Porter Jr.,TOR,15,174,-3.2,-3.5,0.3,-0.1
AJ Griffin,ATL,20,171,-9.6,-6.0,-3.5,-0.3
Joe Harris,DET,16,170,-5.9,-4.7,-1.1,-0.2
Trevelin Queen,ORL,14,165,-3.4,-4.7,1.4,-0.1
Zavier Simpson,MEM,7,161,-5.9,-6.2,0.3,-0.2
Thanasis Antetokounmpo,MIL,34,155,-6.4,-6.7,0.3,-0.2
Tristan Vukcevic,WAS,10,153,-3.6,-3.5,-0.1,-0.1
Darius Bazley,2TM,9,152,-0.4,-0.9,0.5,0.1
Darius Bazley,PHI,3,10,-8.4,-7.7,-0.7,0.0
Darius Bazley,UTA,6,142,0.2,-0.4,0.6,0.1
DeJon Jarreau,MEM,9,150,-4.0,-4.6,0.7,-0.1
Jules Bernard,WAS,19,149,-3.0,-0.6,-2.5,0.0
Jeff Dowtin Jr.,PHI,12,142,3.3,2.0,1.3,0.2
Sidy Cissoko,SAS,12,141,-2.7,-4.0,1.4,0.0
Brandon Clarke,MEM,6,134,1.0,0.7,0.3,0.1
Emoni Bates,CLE,15,133,-9.2,-6.2,-3.0,-0.2
Dru Smith,MIA,9,131,1.4,-1.8,3.2,0.1
Nate Williams,HOU,22,129,-1.6,-0.8,-0.8,0.0
T.J. Warren,MIN,11,125,-4.5,-5.0,0.5,-0.1
Timmy Allen,MEM,5,125,-11.1,-10.3,-0.7,-0.3
Jalen Pickett,DEN,27,122,-3.3,-2.7,-0.5,0.0
Luka Garza,MIN,25,122,-2.1,0.6,-2.7,0.0
Mãozinha Pereira,MEM,7,122,-0.5,-1.2,0.7,0.0
Jahmi'us Ramsey,TOR,7,121,-4.4,-3.9,-0.5,-0.1
Marques Bolden,2TM,11,121,-2.7,-2.1,-0.5,0.0
Marques Bolden,MIL,2,3,-5.5,-7.8,2.3,0.0
Marques Bolden,CHO,9,118,-2.6,-2.0,-0.6,0.0
Mouhamadou Gueye,TOR,11,120,-11.9,-11.0,-0.9,-0.3
Xavier Moon,LAC,14,119,-6.1,-4.7,-1.4,-0.1
Robert Williams,POR,6,119,0.7,-2.2,2.9,0.1
Brandon Williams,DAL,17,113,-5.5,-2.7,-2.8,-0.1
Udoka Azubuike,PHO,16,113,-3.2,-3.0,-0.1,0.0
Matthew Hurt,MEM,8,113,-3.7,-3.0,-0.7,-0.1
Jalen Hood-Schifino,LAL,21,109,-16.1,-12.4,-3.7,-0.4
Dylan Windler,3TM,17,108,0.7,1.7,-1.0,0.1
Dylan Windler,NYK,3,7,7.4,3.7,3.8,0.0
Dylan Windler,LAL,8,28,3.2,3.8,-0.6,0.0
Dylan Windler,ATL,6,73,-0.9,0.6,-1.6,0.0
Malik Williams,TOR,7,107,-11.5,-7.8,-3.7,-0.3
Armoni Brooks,BRK,10,104,-5.8,-2.2,-3.7,-0.1
Maxwell Lewis,LAL,34,103,-13.5,-10.3,-3.2,-0.3
Harry Giles,2TM,23,100,-4.8,-2.7,-2.0,-0.1
Harry Giles,BRK,16,81,-2.8,-1.1,-1.8,0.0
Harry Giles,LAL,7,19,-12.9,-9.7,-3.2,-0.1
Olivier Sarr,OKC,15,98,-2.6,-2.6,-0.1,0.0
Jamaree Bouyea,2TM,9,95,-12.3,-10.2,-2.0,-0.2
Jamaree Bouyea,POR,6,57,-17.8,-13.0,-4.8,-0.2
Jamaree Bouyea,SAS,3,38,-3.9,-6.1,2.2,0.0
Josh Minott,MIN,32,91,5.1,1.8,3.3,0.2
Chris Livingston,MIL,21,90,-8.0,-7.0,-1.0,-0.1
Cole Swider,MIA,18,87,-4.5,-2.1,-2.4,-0.1
Admiral Schofield,ORL,23,84,-4.9,-4.1,-0.8,-0.1
Terquavion Smith,PHI,16,84,0.8,0.3,0.5,0.1
Buddy Boeheim,DET,10,84,-3.5,-0.7,-2.8,0.0
Jordan Walsh,BOS,9,83,-3.8,-5.6,1.8,0.0
Jerome Robinson,GSW,22,81,-8.3,-6.1,-2.2,-0.1
James Bouknight,CHO,14,81,2.2,4.4,-2.2,0.1
Wenyen Gabriel,MEM,5,81,-12.5,-10.6,-1.9,-0.2
Ryan Rollins,2TM,13,78,5.7,0.6,5.1,0.2
Ryan Rollins,WAS,10,66,5.0,0.6,4.5,0.1
Ryan Rollins,MIL,3,12,9.2,0.6,8.5,0.0
R.J. Hampton,MIA,8,76,-9.5,-8.1,-1.4,-0.1
Wendell Moore Jr.,MIN,25,75,-2.8,-6.1,3.3,0.0
Nate Hinton,HOU,15,75,3.6,1.9,1.7,0.1
Mouhamed Gueye,ATL,6,73,-1.5,-2.1,0.6,0.0
Isaiah Mobley,CLE,10,72,-6.6,-4.5,-2.1,-0.1
Boban Marjanović,HOU,14,71,-0.3,0.2,-0.5,0.0
Jason Preston,UTA,7,71,-2.6,-2.5,-0.1,0.0
Jett Howard,ORL,18,67,-1.8,-1.4,-0.3,0.0
Kobi Simmons,TOR,4,67,-1.0,-2.6,1.6,0.0
Keyontae Johnson,OKC,9,66,-9.8,-7.5,-2.2,-0.1
Adama Sanogo,CHI,9,66,-6.7,-0.4,-6.3,-0.1
Robin Lopez,MIL,16,65,-6.1,-4.7,-1.4,-0.1
Amari Bailey,CHO,10,65,-8.3,-5.2,-3.1,-0.1
Moussa Diabaté,LAC,11,64,3.5,4.0,-0.5,0.1
Jack White,MEM,4,64,-10.3,-9.1,-1.2,-0.1
Kendall Brown,IND,15,63,-6.8,-4.2,-2.6,-0.1
Ish Wainright,2TM,11,62,-2.4,-2.9,0.5,0.0
Ish Wainright,POR,7,46,-0.6,-1.2,0.6,0.0
Ish Wainright,PHO,4,16,-7.5,-7.8,0.3,0.0
Keon Johnson,BRK,5,61,-2.7,-1.6,-1.1,0.0
Braxton Key,DEN,20,60,2.1,0.5,1.6,0.1
Jermaine Samuels,HOU,14,60,0.8,-0.3,1.1,0.0
Colin Castleton,LAL,16,59,-5.2,-3.9,-1.4,0.0
TyTy Washington Jr.,MIL,11,56,-8.2,-7.1,-1.0,-0.1
Dereon Seabron,NOP,6,55,-1.5,-2.7,1.2,0.0
Juan Toscano-Anderson,SAC,11,53,-9.4,-8.7,-0.6,-0.1
Leonard Miller,MIN,17,52,9.6,5.9,3.7,0.2
Seth Lundy,ATL,9,52,-12.7,-7.7,-5.0,-0.1
David Duke Jr.,SAS,4,51,1.4,-0.1,1.4,0.0
Daishen Nix,MIN,15,50,-1.4,-2.8,1.4,0.0
Jay Huff,DEN,20,49,1.3,-0.3,1.6,0.0
Hunter Tyson,DEN,18,48,-8.9,-6.8,-2.1,-0.1
James Johnson,IND,9,47,-5.8,-8.0,2.2,0.0
DaQuan Jeffries,NYK,17,46,-8.1,-5.6,-2.5,-0.1
Ryan Arcidiacono,NYK,20,45,-9.6,-11.5,1.9,-0.1
Frank Ntilikina,CHO,5,43,-13.4,-10.0,-3.4,-0.1
Oscar Tshiebwe,IND,8,42,2.2,4.5,-2.3,0.0
D'Moi Hodge,LAL,7,41,-6.3,-3.7,-2.6,0.0
Greg Brown III,DAL,6,40,-4.4,-5.0,0.6,0.0
Taze Moore,POR,4,40,-3.1,-2.5,-0.6,0.0
Alex Fudge,2TM,6,40,-5.2,-3.7,-1.5,0.0
Alex Fudge,LAL,4,14,-18.1,-9.9,-8.3,-0.1
Alex Fudge,DAL,2,26,1.7,-0.4,2.1,0.0
JD Davison,BOS,8,39,3.3,1.8,1.4,0.1
RaiQuan Gray,SAS,3,39,7.4,5.6,1.8,0.1
Jacob Toppin,NYK,9,38,-0.7,0.6,-1.3,0.0
Jalen Slawson,SAC,12,37,-6.4,-7.5,1.1,0.0
Charlie Brown Jr.,NYK,8,37,-13.6,-10.2,-3.4,-0.1
D.J. Carton,TOR,4,36,-5.3,-4.2,-1.1,0.0
Dexter Dennis,DAL,4,30,1.7,1.7,-0.1,0.0
Henri Drell,CHI,4,30,-4.9,-5.1,0.2,0.0
Jordan Miller,LAC,8,28,-3.8,0.4,-4.2,0.0
Mason Jones,SAC,5,28,-5.5,-5.4,0.0,0.0
Pete Nance,CLE,8,27,-15.2,-11.9,-3.2,-0.1
Pat Spencer,GSW,6,26,-6.4,-3.4,-3.1,0.0
Dariq Whitehead,BRK,2,24,-7.9,-5.5,-2.4,0.0
Mamadi Diakite,2TM,6,24,3.5,0.8,2.7,0.0
Mamadi Diakite,SAS,3,16,11.6,7.9,3.7,0.1
Mamadi Diakite,NYK,3,8,-12.7,-13.5,0.7,0.0
E.J. Liddell,NOP,8,23,-4.7,-8.7,4.0,0.0
Drew Peterson,BOS,3,23,5.3,3.8,1.6,0.0
Jordan Ford,SAC,6,22,2.2,3.3,-1.1,0.0
Isaiah Thomas,PHO,6,19,-6.9,-1.6,-5.2,0.0
Usman Garuba,GSW,6,18,-10.9,-10.8,-0.1,0.0
Danny Green,PHI,2,18,-6.6,-7.4,0.8,0.0
Alondes Williams,MIA,7,16,-23.2,-17.8,-5.4,-0.1
Ty Jerome,CLE,2,15,-4.9,-4.1,-0.8,0.0
D.J. Wilson,PHI,2,15,22.4,15.5,7.0,0.1
Adam Flagler,OKC,2,14,-10.6,-6.7,-3.9,0.0
Andrew Funk,CHI,5,13,-14.4,-12.4,-2.0,0.0
Quenton Jackson,IND,3,11,3.3,-3.5,6.8,0.0
Joshua Primo,LAC,2,10,-25.0,-16.8,-8.2,-0.1
Filip Petrušev,2TM,3,10,-8.0,-4.7,-3.3,0.0
Filip Petrušev,PHI,1,3,-4.9,-3.0,-1.9,0.0
Filip Petrušev,SAC,2,7,-9.3,-5.5,-3.9,0.0
Lindell Wigginton,MIL,3,8,-23.9,-14.6,-9.2,0.0
Kaiser Gates,NOP,1,7,-28.8,-18.6,-10.1,-0.1
Shaquille Harrison,MEM,3,6,4.6,-0.7,5.2,0.0
Kevon Harris,ORL,2,6,-15.8,-15.5,-0.3,0.0
Hamidou Diallo,WAS,2,5,18.7,2.7,16.0,0.0
Ron Harper Jr.,TOR,1,4,-8.8,-11.7,2.8,0.0
Markquis Nowell,TOR,1,4,43.3,29.1,14.2,0.0
Isaiah Wong,IND,1,4,-19.0,-11.3,-7.7,0.0
Izaiah Brockington,NOP,1,3,-17.8,-9.2,-8.5,0.0
Malcolm Cazalon,DET,1,3,-9.1,-6.0,-3.2,0.0
Jalen Crutcher,NOP,1,3,-26.2,-18.5,-7.8,0.0
Dmytro Skapintsev,NYK,2,2,-25.9,-16.0,-9.8,0.0
Justin Jackson,MIN,2,1,-7.5,-6.3,-1.2,0.0
Javonte Smart,PHI,1,1,-8.3,-6.2,-2.1,0.0