player_a,player_b,team_2324,team_2425,min_2324,min_2425,chem_2324,chem_2425
Keldon Johnson,Victor Wembanyama,SAS,SAS,999.6,554.3,-7.87,-7.93
Cameron Johnson,Cam Thomas,BKN,BKN,649.8,593.2,-7.62,-7.53
Naz Reid,Jaden McDaniels,MIN,MIN,806.7,1168.2,2.94,2.84
Franz Wagner,Jalen Suggs,ORL,ORL,1401.0,525.0,1.33,1.44
Nikola Jokić,Michael Porter Jr.,DEN,DEN,2129.7,1847.8,-1.13,-1.25
Wendell Carter Jr.,Franz Wagner,ORL,ORL,1058.3,931.9,2.98,3.1
Jordan Poole,Corey Kispert,WAS,WAS,973.8,611.1,-1.69,-1.81
Jaylen Brown,Payton Pritchard,BOS,BOS,606.0,906.0,3.69,3.81
Jayson Tatum,Luke Kornet,BOS,BOS,493.6,883.5,6.57,6.71
Walker Kessler,Keyonte George,UTA,UTA,773.7,1009.5,-7.73,-7.56
Norman Powell,Ivica Zubac,LAC,LAC,629.9,1615.3,5.33,5.15
Keldon Johnson,Devin Vassell,SAS,SAS,1144.5,840.4,-3.75,-3.93
Rui Hachimura,Austin Reaves,LAL,LAL,1414.8,1387.8,4.27,4.47
Wendell Carter Jr.,Paolo Banchero,ORL,ORL,1228.6,1054.9,-2.4,-2.62
Jayson Tatum,Sam Hauser,BOS,BOS,893.5,841.0,6.49,6.73
Al Horford,Kristaps Porziņģis,BOS,BOS,587.4,420.5,5.85,6.09
Terry Rozier,Bam Adebayo,MIA,MIA,799.3,1131.1,-2.68,-2.42
Duncan Robinson,Nikola Jović,MIA,MIA,345.4,474.6,5.74,5.45
Immanuel Quickley,Gradey Dick,TOR,TOR,397.6,383.5,-6.06,-5.76
Jaylen Brown,Jayson Tatum,BOS,BOS,1577.1,1409.6,2.6,2.94
Norman Powell,Amir Coffey,LAC,LAC,885.0,572.8,5.55,5.9
Rui Hachimura,Jaxson Hayes,LAL,LAL,353.3,392.6,9.32,9.68
Jarrett Allen,Dean Wade,CLE,CLE,758.0,715.3,7.41,7.04
Austin Reaves,Max Christie,LAL,LAL,410.8,767.2,3.55,3.15
Mike Conley,Anthony Edwards,MIN,MIN,1507.0,1271.6,0.31,-0.1
Domantas Sabonis,Kevin Huerter,SAC,SAC,1394.6,543.3,-3.67,-3.25
Devin Vassell,Julian Champagnie,SAS,SAS,770.2,532.3,-2.03,-2.47
Al Horford,Jayson Tatum,BOS,BOS,1301.2,1188.9,3.84,4.3
Jaylen Brown,Derrick White,BOS,BOS,1846.7,1648.1,5.98,5.41
Garrison Mathews,Onyeka Okongwu,ATL,ATL,347.5,350.3,0.08,-0.52
Shai Gilgeous-Alexander,Chet Holmgren,OKC,OKC,1633.1,626.0,-0.91,-1.56
Andrew Wiggins,Jonathan Kuminga,GSW,GSW,674.0,333.2,0.55,-0.11
Anthony Davis,Austin Reaves,LAL,LAL,1993.6,1037.3,-5.07,-5.73
Donovan Mitchell,Max Strus,CLE,CLE,1438.5,680.4,4.78,5.51
Al Horford,Sam Hauser,BOS,BOS,699.7,567.0,9.33,8.58
Haywood Highsmith,Tyler Herro,MIA,MIA,447.3,1395.4,2.69,1.9
Luguentz Dort,Chet Holmgren,OKC,OKC,1600.0,539.3,6.66,5.86
Rudy Gobert,Nickeil Alexander-Walker,MIN,MIN,1064.3,1008.3,7.97,7.16
Collin Sexton,Walker Kessler,UTA,UTA,693.6,1004.8,-8.27,-9.08
Julius Randle,Donte DiVincenzo,NYK,MIN,786.7,906.6,-1.7,-0.87
Nickeil Alexander-Walker,Naz Reid,MIN,MIN,1077.9,1501.2,6.05,6.89
Dillon Brooks,Amen Thompson,HOU,HOU,652.5,1244.7,0.18,1.08
Jrue Holiday,Kristaps Porziņģis,BOS,BOS,1088.2,836.3,2.2,1.26
Nikola Jokić,Jamal Murray,DEN,DEN,1417.6,1619.0,-1.66,-2.63
Julian Strawther,Peyton Watson,DEN,DEN,331.3,706.4,3.27,2.29
Shai Gilgeous-Alexander,Isaiah Joe,OKC,OKC,1086.8,941.3,7.06,6.07
Scoot Henderson,Kris Murray,POR,POR,560.7,464.7,-1.99,-1.0
Anfernee Simons,Toumani Camara,POR,POR,804.0,1564.4,-5.28,-4.28
Bam Adebayo,Duncan Robinson,MIA,MIA,1250.5,1229.4,-0.96,0.05
Josh Hart,Miles McBride,NYK,NYK,992.8,895.5,2.18,3.2
Jerami Grant,Shaedon Sharpe,POR,POR,641.4,743.1,-8.03,-9.05
Goga Bitadze,Franz Wagner,ORL,ORL,532.4,781.1,0.31,1.34
Obi Toppin,Bennedict Mathurin,IND,IND,747.6,779.0,-1.82,-2.87
Donovan Mitchell,Dean Wade,CLE,CLE,597.5,644.6,6.55,5.46
Al Horford,Derrick White,BOS,BOS,1094.2,1197.4,5.58,6.68
Max Strus,Darius Garland,CLE,CLE,991.2,920.7,6.35,5.24
Lauri Markkanen,Keyonte George,UTA,UTA,789.0,763.7,0.68,-0.46
Myles Turner,Tyrese Haliburton,IND,IND,1581.3,1750.2,1.0,-0.19
Franz Wagner,Anthony Black,ORL,ORL,631.5,830.7,-0.56,0.65
Jrue Holiday,Derrick White,BOS,BOS,1401.9,1335.3,3.65,4.86
Dorian Finney-Smith,Cameron Johnson,BKN,BKN,742.7,504.2,2.96,4.18
Stephen Curry,Kevon Looney,GSW,GSW,849.9,613.1,-5.74,-4.49
Cade Cunningham,Jalen Duren,DET,DET,1233.3,1544.8,-5.18,-3.92
Kristaps Porziņģis,Payton Pritchard,BOS,BOS,378.0,488.2,0.63,-0.63
Trendon Watford,Jalen Wilson,BKN,BKN,325.1,445.7,2.66,1.4
Jayson Tatum,Derrick White,BOS,BOS,1696.4,1776.2,3.1,1.79
Kyrie Irving,P.J. Washington,DAL,DAL,762.4,964.4,6.06,4.62
Keldon Johnson,Blake Wesley,SAS,SAS,458.4,343.8,-4.88,-6.35
Draymond Green,Andrew Wiggins,GSW,GSW,917.0,661.5,4.81,3.29
Darius Garland,Evan Mobley,CLE,CLE,1069.1,1177.8,2.99,4.53
Obi Toppin,Aaron Nesmith,IND,IND,482.8,336.1,7.05,5.51
Jarred Vanderbilt,Austin Reaves,LAL,LAL,320.0,359.0,-0.3,-1.84
Isaiah Stewart,Cade Cunningham,DET,DET,1081.2,734.2,-1.46,-3.06
Lauri Markkanen,Walker Kessler,UTA,UTA,671.2,961.9,-5.14,-6.74
Nikola Vučević,Zach LaVine,CHI,CHI,759.8,1268.5,-5.63,-4.01
Jarrett Allen,Max Strus,CLE,CLE,1594.1,919.1,4.86,6.51
RJ Barrett,Scottie Barnes,TOR,TOR,543.2,935.4,-6.19,-4.54
Kevin Huerter,Keegan Murray,SAC,SAC,1062.6,561.7,3.28,1.59
Nikola Vučević,Coby White,CHI,CHI,2111.4,1437.2,-2.65,-4.34
Nickeil Alexander-Walker,Anthony Edwards,MIN,MIN,1196.1,1197.5,4.16,2.47
Kenrich Williams,Isaiah Joe,OKC,OKC,474.5,538.6,13.15,14.85
Shaedon Sharpe,Toumani Camara,POR,POR,566.0,1532.9,-0.38,-2.08
Jordan Poole,Bilal Coulibaly,WAS,WAS,719.5,1373.7,-11.45,-9.73
Onyeka Okongwu,Jalen Johnson,ATL,ATL,622.7,496.7,0.2,-1.55
Jonathan Isaac,Franz Wagner,ORL,ORL,438.2,474.7,3.22,5.0
De'Aaron Fox,Keegan Murray,SAC,SAC,1824.4,1244.1,2.54,0.75
Mike Conley,Jaden McDaniels,MIN,MIN,1399.0,1324.5,2.12,3.91
Shai Gilgeous-Alexander,Luguentz Dort,OKC,OKC,1815.4,1835.3,1.27,3.1
Jamal Murray,Michael Porter Jr.,DEN,DEN,1389.8,1675.7,8.27,6.43
Jerami Grant,Deandre Ayton,POR,POR,1035.9,684.5,-8.96,-10.81
Zion Williamson,Jordan Hawkins,NOP,NOP,432.1,356.3,-2.37,-0.52
T.J. McConnell,Myles Turner,IND,IND,303.7,400.7,-5.64,-3.76
Caris LeVert,Georges Niang,CLE,ATL,1132.3,383.2,3.59,1.7
Bobby Portis,A.J. Green,MIL,MIL,419.1,640.5,10.0,11.89
Dean Wade,Isaac Okoro,CLE,CLE,600.9,319.2,8.67,10.57
Collin Sexton,Keyonte George,UTA,UTA,726.9,851.8,-7.73,-5.77
Donovan Mitchell,Darius Garland,CLE,CLE,750.3,1130.7,2.05,4.03
Jrue Holiday,Jayson Tatum,BOS,BOS,1865.2,1423.6,1.5,3.51
Jalen Duren,Ausar Thompson,DET,DET,660.1,945.9,-3.37,-1.35
Bam Adebayo,Haywood Highsmith,MIA,MIA,817.8,1256.6,-1.52,0.51
Trae Young,Garrison Mathews,ATL,ATL,351.1,465.5,4.78,2.75
Wendell Carter Jr.,Cole Anthony,ORL,ORL,336.2,551.3,-4.0,-1.95
James Harden,Norman Powell,LAC,LAC,1102.4,1565.8,5.76,3.7
Shai Gilgeous-Alexander,Cason Wallace,OKC,OKC,864.2,1334.2,-0.43,1.64
Kyrie Irving,Daniel Gafford,DAL,DAL,493.0,772.1,-8.07,-5.96
Jalen Green,Amen Thompson,HOU,HOU,499.4,1469.0,-4.76,-2.64
Stephen Curry,Jonathan Kuminga,GSW,GSW,1141.5,544.7,1.34,3.46
Luka Dončić,Daniel Gafford,DAL,DAL,422.9,347.6,-6.49,-4.35
Stephen Curry,Trayce Jackson-Davis,GSW,GSW,474.8,483.0,-3.35,-5.51
LeBron James,Austin Reaves,LAL,LAL,1706.9,1701.1,-4.99,-7.16
Paolo Banchero,Anthony Black,ORL,ORL,791.9,604.6,0.12,-2.08
Jakob Poeltl,Scottie Barnes,TOR,TOR,919.5,918.7,-5.76,-3.51
Kyle Kuzma,Corey Kispert,WAS,WAS,886.8,371.6,-6.92,-4.66
Mike Conley,Nickeil Alexander-Walker,MIN,MIN,663.6,590.9,9.35,11.63
Kelly Oubre Jr.,Tyrese Maxey,PHI,PHI,1356.2,1464.3,-0.23,-2.52
Terry Rozier,Jaime Jaquez Jr.,MIA,MIA,349.9,725.7,-3.46,-1.15
Draymond Green,Brandin Podziemski,GSW,GSW,617.9,902.2,6.09,3.75
Nikola Jokić,Peyton Watson,DEN,DEN,636.6,898.0,-3.69,-6.05
Domantas Sabonis,Keon Ellis,SAC,SAC,752.4,1217.7,-5.4,-3.04
Anthony Davis,D'Angelo Russell,LAL,LAL,1785.3,506.3,-2.02,0.35
De'Aaron Fox,Keon Ellis,SAC,SAC,531.5,519.3,0.8,3.18
Kevin Durant,Devin Booker,PHX,PHX,1714.5,1536.2,-0.34,-2.73
Fred VanVleet,Dillon Brooks,HOU,HOU,1782.8,1516.4,1.92,4.33
Brook Lopez,Bobby Portis,MIL,MIL,697.3,543.0,0.97,-1.44
Franz Wagner,Paolo Banchero,ORL,ORL,1799.5,988.3,-0.69,-3.15
Kevin Durant,Grayson Allen,PHX,PHX,2042.8,699.8,0.32,-2.15
Bogdan Bogdanović,Onyeka Okongwu,ATL,ATL,1070.6,359.4,2.13,-0.34
Patrick Williams,Ayo Dosunmu,CHI,CHI,541.0,465.9,-4.26,-6.76
Aaron Gordon,Jamal Murray,DEN,DEN,1276.8,912.6,5.69,8.2
Aaron Gordon,Michael Porter Jr.,DEN,DEN,1940.7,987.7,8.15,10.66
Bam Adebayo,Tyler Herro,MIA,MIA,1039.9,1956.9,-0.89,-3.41
Immanuel Quickley,Scottie Barnes,TOR,TOR,600.3,746.6,-3.1,-5.63
Georges Niang,Jarrett Allen,CLE,CLE,780.9,367.9,0.08,2.69
Kevon Looney,Jonathan Kuminga,GSW,GSW,418.2,415.1,3.59,6.2
P.J. Washington,Daniel Gafford,DAL,DAL,482.8,624.7,2.56,-0.06
CJ McCollum,Herbert Jones,NOP,NOP,1538.5,515.1,0.26,2.95
Malik Monk,Keon Ellis,SAC,SAC,374.1,831.4,2.69,-0.06
Stephen Curry,Draymond Green,GSW,GSW,1288.1,1419.1,-1.49,1.28
Zach LaVine,Patrick Williams,CHI,CHI,327.6,708.9,2.64,-0.13
LeBron James,Max Christie,LAL,LAL,408.8,651.6,-7.71,-4.83
Malik Monk,Keegan Murray,SAC,SAC,929.3,1393.5,2.06,4.95
Rudy Gobert,Naz Reid,MIN,MIN,916.9,947.8,5.65,8.55
Luke Kornet,Sam Hauser,BOS,BOS,631.6,645.3,7.18,10.11
Caris LeVert,Darius Garland,CLE,CLE,833.4,582.2,5.7,8.64
Al Horford,Payton Pritchard,BOS,BOS,671.2,771.6,8.13,5.19
Khris Middleton,Giannis Antetokounmpo,MIL,MIL,1042.9,341.5,2.65,-0.32
Rudy Gobert,Jaden McDaniels,MIN,MIN,1576.6,1778.7,4.97,1.99
Isaiah Joe,Cason Wallace,OKC,OKC,706.1,546.5,6.48,3.5
Goga Bitadze,Anthony Black,ORL,ORL,544.4,599.2,6.1,3.08
Rudy Gobert,Anthony Edwards,MIN,MIN,1921.9,1883.9,3.37,0.35
D'Angelo Russell,Rui Hachimura,LAL,LAL,1118.7,412.7,3.9,6.94
Aaron Gordon,Nikola Jokić,DEN,DEN,2001.3,1119.2,-3.2,-0.13
Duncan Robinson,Haywood Highsmith,MIA,MIA,573.6,905.6,3.86,6.94
Domantas Sabonis,Keegan Murray,SAC,SAC,2256.2,1728.0,-2.86,0.26
Cade Cunningham,Ausar Thompson,DET,DET,996.5,905.8,-5.9,-2.74
Scottie Barnes,Gradey Dick,TOR,TOR,339.3,807.5,-10.61,-7.4
Jerami Grant,Toumani Camara,POR,POR,815.8,1098.4,-1.45,-4.72
Harrison Barnes,De'Aaron Fox,SAC,SAS,1777.4,373.9,0.83,-2.49
Cole Anthony,Franz Wagner,ORL,ORL,883.5,466.4,5.93,9.25
Jarrett Allen,Darius Garland,CLE,CLE,1270.6,1996.9,-1.24,2.1
Andrew Nembhard,Tyrese Haliburton,IND,IND,1064.4,1486.8,1.97,5.38
Domantas Sabonis,De'Aaron Fox,SAC,SAC,1915.2,1126.3,-5.14,-1.71
Lauri Markkanen,Collin Sexton,UTA,UTA,1078.8,888.1,-5.68,-2.23
Mike Conley,Rudy Gobert,MIN,MIN,1805.3,1316.5,3.02,6.49
Jrue Holiday,Jaylen Brown,BOS,BOS,1478.4,1220.3,3.89,7.36
Moses Moody,Brandin Podziemski,GSW,GSW,545.5,839.5,12.25,8.72
Jalen Brunson,Miles McBride,NYK,NYK,471.8,693.4,7.73,4.18
Ochai Agbaji,Gradey Dick,TOR,TOR,366.8,889.8,-3.93,-0.36
Nickeil Alexander-Walker,Jaden McDaniels,MIN,MIN,643.4,945.0,5.61,2.03
Andrew Nembhard,Obi Toppin,IND,IND,420.2,585.1,2.64,-0.96
Luguentz Dort,Aaron Wiggins,OKC,OKC,393.0,616.4,4.2,7.81
Derrick White,Sam Hauser,BOS,BOS,732.9,773.6,11.7,8.05
Dorian Finney-Smith,Cam Thomas,BKN,BKN,869.7,333.2,-0.39,3.29
Zach LaVine,Coby White,CHI,CHI,697.0,766.8,-2.77,0.93
LaMelo Ball,Brandon Miller,CHA,CHA,361.3,466.4,-6.81,-3.1
Keldon Johnson,Jeremy Sochan,SAS,SAS,1126.4,671.4,-2.7,1.01
Max Strus,Evan Mobley,CLE,CLE,1073.8,716.6,-2.03,1.74
Keegan Murray,Keon Ellis,SAC,SAC,618.0,1069.0,-0.77,3.02
Amir Coffey,Terance Mann,LAC,LAC,451.7,319.1,-11.07,-7.23
Dillon Brooks,Alperen Şengün,HOU,HOU,1392.1,1749.2,-0.44,3.45
Dennis Schröder,Cam Thomas,BKN,BKN,511.2,366.0,-0.94,2.95
Kristaps Porziņģis,Jaylen Brown,BOS,BOS,1355.3,807.6,5.75,1.84
Julian Champagnie,Jeremy Sochan,SAS,SAS,810.6,603.3,0.8,4.73
Caris LeVert,Jarrett Allen,CLE,CLE,1074.0,536.6,0.73,4.71
Myles Turner,Aaron Nesmith,IND,IND,1226.7,740.6,6.41,10.4
Shai Gilgeous-Alexander,Jalen Williams,OKC,OKC,571.4,483.1,1.64,5.66
LeBron James,Jaxson Hayes,LAL,LAL,461.7,775.1,-1.69,-5.73
Anthony Edwards,Jaden McDaniels,MIN,MIN,1713.2,2144.7,2.41,-1.64
Devin Vassell,Jeremy Sochan,SAS,SAS,1652.9,769.9,-3.37,0.68
Cade Cunningham,Jaden Ivey,DET,DET,1235.2,520.0,-3.07,-7.13
Darius Garland,Dean Wade,CLE,CLE,329.0,750.5,4.55,8.62
Joel Embiid,Kelly Oubre Jr.,PHI,PHI,607.7,396.0,-7.01,-2.9
Deandre Ayton,Shaedon Sharpe,POR,POR,567.0,644.1,-8.0,-3.89
Cole Anthony,Anthony Black,ORL,ORL,358.3,395.1,-0.85,3.26
Amen Thompson,Cam Whitmore,HOU,HOU,545.2,366.7,-5.77,-1.65
De'Aaron Fox,Kevin Huerter,SAC,SAC,1080.7,568.8,3.87,-0.25
James Harden,Ivica Zubac,LAC,LAC,1365.6,2185.9,-1.63,2.5
Donovan Mitchell,Jarrett Allen,CLE,CLE,1406.7,1217.6,-0.88,3.34
Jeremy Sochan,Victor Wembanyama,SAS,SAS,1249.5,483.1,-5.64,-1.33
Shai Gilgeous-Alexander,Aaron Wiggins,OKC,OKC,398.0,903.7,2.0,6.31
Andrew Wiggins,Brandin Podziemski,GSW,GSW,806.2,337.4,5.46,1.15
Naz Reid,Anthony Edwards,MIN,MIN,1234.7,1394.3,4.41,0.09
Anfernee Simons,Kris Murray,POR,POR,525.8,392.7,-2.08,2.24
Anthony Davis,Cam Reddish,LAL,LAL,722.9,314.7,-5.35,-9.71
T.J. McConnell,Obi Toppin,IND,IND,764.8,797.1,0.4,-3.98
Trey Lyles,Malik Monk,SAC,SAC,807.9,556.7,6.8,2.36
Jerami Grant,Anfernee Simons,POR,POR,790.7,1013.3,-12.18,-7.73
Tyrese Haliburton,Bennedict Mathurin,IND,IND,698.4,1371.7,-5.56,-1.08
Keldon Johnson,Tre Jones,SAS,SAS,866.9,365.9,-0.06,4.45
Bogdan Bogdanović,Trae Young,ATL,ATL,913.8,318.2,0.88,5.41
Georges Niang,Darius Garland,CLE,CLE,830.1,383.1,6.27,1.71
Trae Young,Onyeka Okongwu,ATL,ATL,854.5,1406.0,-3.1,1.48
Michael Porter Jr.,Christian Braun,DEN,DEN,541.0,1882.2,3.84,8.45
De'Aaron Fox,Malik Monk,SAC,SAC,1085.4,810.5,-2.06,2.56
Dalano Banton,Jabari Walker,POR,POR,394.5,354.6,-11.84,-7.2
Fred VanVleet,Amen Thompson,HOU,HOU,629.0,1042.1,4.57,-0.07
Stephen Curry,Brandin Podziemski,GSW,GSW,908.7,651.8,1.34,6.03
Cole Anthony,Paolo Banchero,ORL,ORL,878.8,538.9,-2.82,-7.52
Andrew Nembhard,Aaron Nesmith,IND,IND,1102.1,788.0,6.92,11.63
Aaron Gordon,Christian Braun,DEN,DEN,475.3,1083.7,7.37,12.1
Devin Vassell,Victor Wembanyama,SAS,SAS,1222.5,715.4,-3.35,-8.08
Norman Powell,Terance Mann,LAC,LAC,497.4,326.8,0.27,-4.46
Cade Cunningham,Simone Fontecchio,DET,DET,338.5,455.7,0.23,5.0
Duncan Robinson,Tyler Herro,MIA,MIA,429.4,953.4,0.21,4.99
Nikola Jokić,Christian Braun,DEN,DEN,780.3,2091.9,3.65,-1.16
Nic Claxton,Cam Thomas,BKN,BKN,1153.0,378.7,-7.58,-2.73
Deandre Ayton,Toumani Camara,POR,POR,791.5,975.0,-0.9,-5.75
LeBron James,D'Angelo Russell,LAL,LAL,1610.4,464.4,-0.87,-5.76
De'Andre Hunter,Jalen Johnson,ATL,ATL,624.2,473.6,1.2,6.1
Brook Lopez,Giannis Antetokounmpo,MIL,MIL,1501.5,1527.1,0.77,-4.14
P.J. Washington,Luka Dončić,DAL,DAL,715.9,416.0,0.62,5.54
John Collins,Keyonte George,UTA,UTA,1011.1,717.1,-6.66,-1.71
Ivica Zubac,Terance Mann,LAC,LAC,1104.3,329.8,5.79,0.82
Isaiah Stewart,Jaden Ivey,DET,DET,768.4,336.3,1.84,-3.17
Myles Turner,Pascal Siakam,IND,IND,839.1,1547.0,0.43,5.44
LeBron James,Anthony Davis,LAL,LAL,1726.0,904.1,-7.48,-12.5
Clint Capela,Trae Young,ATL,ATL,935.6,927.3,-6.6,-1.57
Goga Bitadze,Jalen Suggs,ORL,ORL,656.0,514.8,-2.81,2.32
Mikal Bridges,Brandon Miller,CHA,CHA,1619.5,312.8,-9.09,-3.95
Kyle Kuzma,Bilal Coulibaly,WAS,WAS,962.8,583.5,-13.55,-18.74
Corey Kispert,Bilal Coulibaly,WAS,WAS,964.8,764.7,-6.88,-1.64
Tyrese Haliburton,Aaron Nesmith,IND,IND,1245.4,762.3,1.85,7.1
Anthony Davis,Rui Hachimura,LAL,LAL,1191.1,906.3,-0.94,-6.2
CJ McCollum,Zion Williamson,NOP,NOP,1350.5,472.0,-5.3,-10.58
Jaylen Brown,Sam Hauser,BOS,BOS,681.8,547.2,4.93,10.25
Scoot Henderson,Toumani Camara,POR,POR,648.9,1115.5,-3.16,2.17
Jalen Green,Alperen Şengün,HOU,HOU,311.1,1816.1,-5.17,0.17
Terry Rozier,Nikola Jović,MIA,MIA,337.2,656.9,2.13,-3.25
Anfernee Simons,Deandre Ayton,POR,POR,783.2,892.9,-4.24,-9.63
Wendell Carter Jr.,Jalen Suggs,ORL,ORL,998.2,402.6,1.71,7.12
Michael Porter Jr.,Peyton Watson,DEN,DEN,484.5,895.0,8.34,2.92
Dennis Schröder,Nic Claxton,BKN,BKN,652.6,387.1,-5.14,0.31
Jarrett Allen,Sam Merrill,CLE,CLE,473.1,493.7,1.67,7.17
Luke Kornet,Payton Pritchard,BOS,BOS,726.2,986.3,9.61,4.1
Cam Reddish,Austin Reaves,LAL,LAL,520.5,335.0,-3.56,1.95
Myles Turner,Andrew Nembhard,IND,IND,1059.9,1368.7,5.38,10.95
LeBron James,Rui Hachimura,LAL,LAL,1034.1,1269.4,2.34,-3.24
Herbert Jones,Trey Murphy III,NOP,NOP,914.1,347.3,6.25,0.59
Donovan Mitchell,Isaac Okoro,CLE,CLE,851.9,505.1,0.82,6.49
Haywood Highsmith,Jaime Jaquez Jr.,MIA,MIA,653.3,479.4,2.16,-3.51
Kawhi Leonard,Ivica Zubac,LAC,LAC,1303.0,959.1,2.91,8.61
Kyrie Irving,Luka Dončić,DAL,DAL,1296.8,500.9,-4.92,0.81
Damian Lillard,Bobby Portis,MIL,MIL,1061.6,645.4,2.68,-3.08
Lauri Markkanen,John Collins,UTA,UTA,1070.7,623.6,-5.79,-0.01
Devin Booker,Grayson Allen,PHX,PHX,1701.9,983.4,1.54,-4.25
Kenrich Williams,Cason Wallace,OKC,OKC,542.3,395.8,7.34,1.55
Desmond Bane,Santi Aldama,MEM,MEM,581.0,858.2,-11.19,-5.39
Nic Claxton,Cameron Johnson,BKN,BKN,1015.1,1048.8,-8.41,-14.25
Fred VanVleet,Alperen Şengün,HOU,HOU,1675.0,1506.2,-4.2,1.71
Jaden Ivey,Jalen Duren,DET,DET,1266.4,491.8,-3.43,-9.35
Nikola Vučević,Patrick Williams,CHI,CHI,741.8,1030.4,2.59,-3.42
Aaron Holiday,Amen Thompson,HOU,HOU,437.2,378.0,-0.41,5.62
Stephen Curry,Moses Moody,GSW,GSW,547.4,816.5,-1.07,5.01
Jayson Tatum,Payton Pritchard,BOS,BOS,927.7,1237.8,7.4,1.31
Jrue Holiday,Payton Pritchard,BOS,BOS,708.7,653.1,7.8,1.68
Precious Achiuwa,Miles McBride,NYK,NYK,617.0,576.0,-7.91,-1.77
Stephen Curry,Andrew Wiggins,GSW,GSW,1457.1,883.4,-0.59,-6.76
Kevon Looney,Moses Moody,GSW,GSW,304.8,366.7,0.76,-5.42
Kevin Durant,Jusuf Nurkić,PHX,PHX,1652.8,422.4,4.34,-1.9
Obi Toppin,Tyrese Haliburton,IND,IND,881.9,852.7,0.09,-6.15
Pascal Siakam,Tyrese Haliburton,IND,IND,888.2,1690.5,-6.16,0.11
Pascal Siakam,Aaron Nesmith,IND,IND,857.5,822.9,4.55,10.88
D'Angelo Russell,Austin Reaves,LAL,LAL,1402.4,367.9,-0.44,5.93
Jrue Holiday,Sam Hauser,BOS,BOS,709.3,420.4,9.35,2.95
Draymond Green,Jonathan Kuminga,GSW,GSW,699.3,444.3,7.4,0.86
Georges Niang,Donovan Mitchell,CLE,CLE,588.0,585.6,4.04,10.64
Joel Embiid,Tyrese Maxey,PHI,PHI,958.1,388.8,-1.67,-8.34
Clint Capela,De'Andre Hunter,ATL,ATL,917.1,312.3,5.34,-1.37
Andrew Wiggins,Trayce Jackson-Davis,GSW,GSW,481.3,579.0,-2.19,-8.91
Luka Dončić,Dereck Lively II,DAL,DAL,1075.1,325.5,-2.63,4.1
James Harden,Amir Coffey,LAC,LAC,744.9,973.6,0.74,-6.0
Dalano Banton,Kris Murray,POR,POR,464.5,398.8,-6.04,0.79
T.J. McConnell,Bennedict Mathurin,IND,IND,598.5,682.8,-2.49,4.44
Dillon Brooks,Jabari Smith Jr.,HOU,HOU,1493.3,1036.5,0.21,7.15
Nikola Vučević,Ayo Dosunmu,CHI,CHI,1504.3,934.4,-1.31,-8.29
Georges Niang,Evan Mobley,CLE,CLE,545.1,511.0,3.26,10.26
Jalen Green,Dillon Brooks,HOU,HOU,484.5,1942.1,-3.33,3.69
Jakob Poeltl,RJ Barrett,TOR,TOR,343.0,1023.8,1.72,-5.41
Darius Garland,Sam Merrill,CLE,CLE,323.3,525.0,0.35,7.48
Andrew Nembhard,Bennedict Mathurin,IND,IND,469.0,970.2,4.17,11.38
Kristaps Porziņģis,Jayson Tatum,BOS,BOS,1272.8,815.8,0.51,-6.72
Coby White,Ayo Dosunmu,CHI,CHI,1387.9,813.5,-1.02,-8.3
Christian Braun,Peyton Watson,DEN,DEN,1064.1,916.5,-2.53,4.8
Darius Garland,Isaac Okoro,CLE,CLE,804.7,610.9,2.94,10.29
Duncan Robinson,Jaime Jaquez Jr.,MIA,MIA,957.6,541.4,6.61,-0.77
Kawhi Leonard,Norman Powell,LAC,LAC,929.3,627.9,3.56,10.99
Jalen Green,Fred VanVleet,HOU,HOU,741.0,1520.8,-5.81,1.63
Jabari Walker,Kris Murray,POR,POR,561.7,370.1,0.75,8.21
Damian Lillard,Giannis Antetokounmpo,MIL,MIL,1756.0,1325.7,-0.77,-8.29
Luguentz Dort,Isaiah Joe,OKC,OKC,681.8,648.8,11.82,19.36
Aaron Wiggins,Cason Wallace,OKC,OKC,642.1,625.9,-0.2,7.41
Mikal Bridges,Nick Smith Jr.,CHA,CHA,309.7,732.1,-11.83,-4.22
Jabari Smith Jr.,Amen Thompson,HOU,HOU,714.8,747.2,-1.33,6.3
Ivica Zubac,Amir Coffey,LAC,LAC,372.4,926.7,-4.01,3.62
CJ McCollum,Trey Murphy III,NOP,NOP,1001.1,1186.3,2.79,-4.86
De'Andre Hunter,Onyeka Okongwu,ATL,ATL,336.2,574.1,-8.48,-0.82
Vasilije Micić,Mikal Bridges,CHA,CHA,761.9,319.9,-5.14,2.55
Julian Champagnie,Victor Wembanyama,SAS,SAS,891.7,760.5,-7.98,-0.21
Payton Pritchard,Sam Hauser,BOS,BOS,1062.3,1177.4,13.3,5.52
Brook Lopez,Khris Middleton,MIL,MIL,1148.3,306.7,2.5,-5.35
Royce O'Neale,Grayson Allen,PHX,PHX,437.2,654.6,11.22,3.35
Jordan Clarkson,Lauri Markkanen,UTA,UTA,900.5,484.3,2.07,-5.83
Devin Booker,Royce O'Neale,PHX,PHX,418.8,1218.8,3.42,-4.6
Pascal Siakam,Andrew Nembhard,IND,IND,962.4,1327.6,2.94,10.98
Jarrett Allen,Isaac Okoro,CLE,CLE,1254.2,629.3,-1.1,6.98
Kyrie Irving,Dereck Lively II,DAL,DAL,611.5,433.3,-0.38,7.7
Jrue Holiday,Luke Kornet,BOS,BOS,390.8,418.6,4.08,12.17
Bogdan Bogdanović,De'Andre Hunter,ATL,ATL,904.0,361.4,6.29,-1.81
Jordan Clarkson,Walker Kessler,UTA,UTA,731.5,415.6,-3.16,-11.27
Jamal Murray,Peyton Watson,DEN,DEN,610.1,910.1,-3.63,4.48
Al Horford,Jrue Holiday,BOS,BOS,1009.5,856.7,2.81,10.93
Brook Lopez,Damian Lillard,MIL,MIL,1949.8,1689.8,5.52,-2.61
Caris LeVert,Donovan Mitchell,CLE,CLE,791.1,436.5,3.65,11.92
Myles Turner,Bennedict Mathurin,IND,IND,683.5,1255.3,-2.42,5.86
Derrick White,Luke Kornet,BOS,BOS,410.9,717.3,1.09,9.46
Jaren Jackson Jr.,Santi Aldama,MEM,MEM,901.7,629.6,-8.5,-0.09
Jalen Brunson,Jericho Sims,NYK,NYK,319.9,304.4,-1.45,6.98
Domantas Sabonis,Malik Monk,SAC,SAC,1137.8,1510.8,-9.34,-0.81
Myles Turner,Obi Toppin,IND,IND,722.7,533.8,4.44,-4.26
Draymond Green,Moses Moody,GSW,GSW,332.3,893.1,1.6,10.34
Bam Adebayo,Jaime Jaquez Jr.,MIA,MIA,1120.0,740.9,-0.46,-9.26
Al Horford,Jaylen Brown,BOS,BOS,1060.8,912.2,4.03,12.85
Josh Hart,Precious Achiuwa,NYK,NYK,908.3,626.2,2.4,-6.42
Terry Rozier,Duncan Robinson,MIA,MIA,457.4,550.2,-3.79,5.05
Deandre Ayton,Scoot Henderson,POR,POR,722.0,554.3,-4.94,3.94
Derrick White,Payton Pritchard,BOS,BOS,559.3,1108.5,11.33,2.4
Jarrett Allen,Evan Mobley,CLE,CLE,767.6,1034.4,-5.59,3.36
Chet Holmgren,Jalen Williams,OKC,OKC,1762.2,571.5,2.53,11.49
Aaron Holiday,Alperen Şengün,HOU,HOU,405.2,320.7,0.86,9.87
Dennis Schröder,Cameron Johnson,BKN,BKN,312.5,498.7,-8.58,0.45
Kevin Durant,Bradley Beal,PHX,PHX,1314.1,1040.2,-0.49,-9.53
Donovan Mitchell,Evan Mobley,CLE,CLE,789.7,1718.2,-5.6,3.46
Trey Lyles,De'Aaron Fox,SAC,SAC,758.2,507.2,7.64,-1.45
Bradley Beal,Grayson Allen,PHX,PHX,1100.3,696.1,5.8,-3.36
Trey Lyles,Domantas Sabonis,SAC,SAC,561.6,504.3,4.51,-4.69
James Harden,Kawhi Leonard,LAC,LAC,1617.3,881.8,-2.36,6.86
Kristaps Porziņģis,Derrick White,BOS,BOS,1283.3,942.3,6.32,-2.9
Bradley Beal,Devin Booker,PHX,PHX,1111.3,1139.1,2.47,-6.76
Clint Capela,Jalen Johnson,ATL,ATL,932.6,639.4,-7.37,1.9
Jonathan Kuminga,Brandin Podziemski,GSW,GSW,1063.0,533.8,8.18,-1.18
Isaiah Joe,Jalen Williams,OKC,OKC,422.5,436.0,13.5,22.88
Jakob Poeltl,Immanuel Quickley,TOR,TOR,431.5,433.1,5.37,-4.2
Jaylen Brown,Luke Kornet,BOS,BOS,330.1,600.7,-2.06,7.57
Georges Niang,Sam Merrill,CLE,CLE,686.5,504.1,4.22,13.88
Josh Hart,Jalen Brunson,NYK,NYK,1762.6,1858.9,5.37,-4.34
Jaxson Hayes,Austin Reaves,LAL,LAL,424.4,721.5,-8.0,1.73
Kevin Durant,Royce O'Neale,PHX,PHX,533.3,981.4,7.79,-2.03
Anthony Davis,Max Christie,LAL,LAL,473.2,801.3,8.03,-1.86
Coby White,Patrick Williams,CHI,CHI,908.9,999.4,5.96,-4.19
Stephen Curry,Gary Payton II,GSW,GSW,394.6,657.3,7.04,-3.25
DeMar DeRozan,Zach LaVine,CHI,SAC,579.3,879.1,-12.59,-2.28
Bam Adebayo,Nikola Jović,MIA,MIA,662.1,687.7,6.43,-3.98
Jordan Clarkson,John Collins,UTA,UTA,976.5,398.2,-2.27,-12.76
Jaren Jackson Jr.,Desmond Bane,MEM,MEM,964.7,1283.9,-10.66,-0.12
John Collins,Collin Sexton,UTA,UTA,1116.9,625.5,-4.27,6.35
Mike Conley,Naz Reid,MIN,MIN,804.3,778.3,-4.18,6.51
T.J. McConnell,Ben Sheppard,IND,IND,522.7,680.4,8.94,-1.81
Trae Young,Jalen Johnson,ATL,ATL,1141.9,923.6,-8.0,2.79
Mikal Bridges,Caleb Martin,CHA,CHA,657.1,313.9,-9.29,1.56
Alperen Şengün,Jabari Smith Jr.,HOU,HOU,1370.2,1225.2,-5.59,5.35
Caleb Martin,Brandon Miller,CHA,CHA,451.7,437.3,-7.52,3.42
Luguentz Dort,Cason Wallace,OKC,OKC,412.3,1037.5,-2.11,8.84
Fred VanVleet,Jabari Smith Jr.,HOU,HOU,1770.8,1044.8,-3.08,7.89
Moritz Wagner,Anthony Black,ORL,ORL,330.0,459.1,4.35,-6.7
Giannis Antetokounmpo,Bobby Portis,MIL,MIL,1017.6,481.9,-9.05,2.05
Isaac Okoro,Evan Mobley,CLE,CLE,545.5,508.4,-1.89,9.21
Jalen Green,Jabari Smith Jr.,HOU,HOU,598.8,1186.6,-6.07,5.05
Trae Young,De'Andre Hunter,ATL,ATL,622.2,725.8,-6.99,4.13
Aaron Wiggins,Jalen Williams,OKC,OKC,306.1,401.3,4.37,15.83
Shai Gilgeous-Alexander,Kenrich Williams,OKC,OKC,511.9,578.7,1.93,13.61
Bradley Beal,Royce O'Neale,PHX,PHX,376.3,728.7,3.68,-8.16
Zion Williamson,Trey Murphy III,NOP,NOP,925.4,414.1,-1.48,-13.36
Jamal Murray,Christian Braun,DEN,DEN,557.6,1724.2,-4.95,6.97
Trey Lyles,Keegan Murray,SAC,SAC,484.2,517.5,10.53,-1.41
Jalen Suggs,Anthony Black,ORL,ORL,512.1,319.3,3.22,-8.87
Chris Boucher,Scottie Barnes,TOR,TOR,415.0,375.8,-8.25,4.11
Jusuf Nurkić,Devin Booker,PHX,PHX,1396.0,390.9,5.32,-7.08
Kris Murray,Toumani Camara,POR,POR,531.4,343.9,10.13,-2.34
Goga Bitadze,Paolo Banchero,ORL,ORL,834.9,321.4,-0.93,-13.47
Alperen Şengün,Amen Thompson,HOU,HOU,374.4,1315.5,-10.29,2.45
Kyrie Irving,Maxi Kleber,DAL,DAL,546.0,326.5,9.85,-3.13
Zion Williamson,Jose Alvarado,NOP,NOP,432.1,403.9,8.85,-4.17
Jalen Brunson,Precious Achiuwa,NYK,NYK,699.4,624.5,4.87,-8.16
Kyle Lowry,Kelly Oubre Jr.,PHI,PHI,452.5,325.9,7.1,-6.12
Tyler Herro,Nikola Jović,MIA,MIA,377.8,733.0,9.57,-3.73
Dennis Schröder,Dorian Finney-Smith,BKN,BKN,571.2,378.3,-2.5,11.07
Coby White,Dalen Terry,CHI,CHI,318.9,501.0,6.31,-7.28
Caris LeVert,Evan Mobley,CLE,CLE,650.9,454.3,-1.77,11.84
Obi Toppin,Ben Sheppard,IND,IND,463.9,545.4,7.69,-5.95
Luke Kennard,Santi Aldama,MEM,MEM,437.0,676.8,-7.3,6.55
Bradley Beal,Jusuf Nurkić,PHX,PHX,1014.7,307.2,6.73,-7.29
Kevon Looney,Brandin Podziemski,GSW,GSW,549.0,512.6,3.52,17.82
Tyler Herro,Jaime Jaquez Jr.,MIA,MIA,605.2,793.0,4.99,-9.46
James Harden,Terance Mann,LAC,LAC,1421.8,403.7,1.79,-12.99
Kyle Kuzma,Jordan Poole,WAS,WAS,1560.7,524.3,-6.93,-22.12
Scoot Henderson,Shaedon Sharpe,POR,POR,320.3,893.0,-10.43,4.9
Kenrich Williams,Luguentz Dort,OKC,OKC,381.0,373.1,3.91,19.27
Jerami Grant,Scoot Henderson,POR,POR,662.9,627.1,-11.12,4.49
Anfernee Simons,Scoot Henderson,POR,POR,610.6,806.2,-13.35,2.36
OG Anunoby,Jalen Brunson,NYK,NYK,635.8,1797.6,17.08,1.26
Kenrich Williams,Aaron Wiggins,OKC,OKC,351.2,552.0,-0.58,15.26
Trey Murphy III,Jose Alvarado,NOP,NOP,532.7,476.2,7.78,-8.67
LeBron James,Cam Reddish,LAL,LAL,600.7,325.5,-0.18,-16.91
Damian Lillard,Khris Middleton,MIL,MIL,962.2,303.7,6.88,-9.99
Jordan Clarkson,Keyonte George,UTA,UTA,1005.0,420.5,1.45,-15.44
Isaiah Joe,Aaron Wiggins,OKC,OKC,370.0,658.2,2.29,19.19
Jonathan Isaac,Cole Anthony,ORL,ORL,712.5,301.9,8.29,-9.07
Isaac Okoro,Sam Merrill,CLE,CLE,347.4,326.6,2.4,20.04
Chet Holmgren,Cason Wallace,OKC,OKC,846.1,348.8,-2.48,16.14
Luke Kennard,Jaren Jackson Jr.,MEM,MEM,513.1,800.5,-16.38,2.36
Julian Strawther,Christian Braun,DEN,DEN,368.0,603.7,-7.1,13.03
OG Anunoby,Josh Hart,NYK,NYK,443.8,2095.2,22.22,-0.52
CJ McCollum,Jordan Hawkins,NOP,NOP,311.9,427.8,11.23,-13.96
